Date,Open,High,Low,Close,Volume,Dividends,Stock Splits,SMA20,SMA50
2024-02-14 00:00:00-05:00,167.7183217937811,168.70506800664546,167.09560836422625,168.63800048828125,7056700,0.0,0.0,,
2024-02-15 00:00:00-05:00,168.7529840509546,172.64250606036836,168.7529840509546,172.3167724609375,8723400,0.0,0.0,,
2024-02-16 00:00:00-05:00,172.06766984324273,172.42212782137025,170.67856235860376,171.51202392578125,8152600,0.0,0.0,,
2024-02-20 00:00:00-05:00,171.66531498276106,172.8819882373571,170.91807052542617,172.18263244628906,9668000,0.0,0.0,,
2024-02-21 00:00:00-05:00,172.3934085731368,173.38974433887643,171.02346516778374,173.3035125732422,7024000,0.0,0.0,,
2024-02-22 00:00:00-05:00,174.18489140759863,175.71769429130376,173.62924542867003,175.3824005126953,9296500,0.0,0.0,,
2024-02-23 00:00:00-05:00,176.09129927335195,177.4229286828694,175.49733949325957,176.2637481689453,7105800,0.0,0.0,,
2024-02-26 00:00:00-05:00,176.03383954354783,176.71403115140492,174.81716619215732,175.66021728515625,7145400,0.0,0.0,,
2024-02-27 00:00:00-05:00,175.61229376413942,175.83263132241242,174.5872336832812,175.7464141845703,5717100,0.0,0.0,,
2024-02-28 00:00:00-05:00,175.72725632977884,177.4229331924025,175.27700638757528,176.6373748779297,6131600,0.0,0.0,,
2024-02-29 00:00:00-05:00,177.86361389401372,178.6012688866292,176.1296232629636,178.24681091308594,9643000,0.0,0.0,,
2024-03-01 00:00:00-05:00,177.90197233572655,178.61090307851944,177.32717666305896,177.50918579101562,6311800,0.0,0.0,,
2024-03-04 00:00:00-05:00,176.95352892532506,179.71257991723328,176.53200338846983,178.84078979492188,7063600,0.0,0.0,,
2024-03-05 00:00:00-05:00,178.5342250453487,181.35076859433357,178.5342250453487,180.63226318359375,6617800,0.0,0.0,,
2024-03-06 00:00:00-05:00,181.30289557925835,182.08846864280952,179.7509283107228,181.57113647460938,7572900,0.0,0.0,,
2024-03-07 00:00:00-05:00,181.9351627034638,182.5003834799299,178.79290005235944,179.98081970214844,7618300,0.0,0.0,,
2024-03-08 00:00:00-05:00,180.526863809802,182.4620422828715,180.02869601496627,180.31610107421875,6172200,0.0,0.0,,
2024-03-11 00:00:00-04:00,179.41562700459264,180.52691911117924,178.40014148644846,180.38320922851562,5762600,0.0,0.0,,
2024-03-12 00:00:00-04:00,181.0154619245126,182.17465709667462,180.0191408441831,181.8680877685547,5708400,0.0,0.0,,
2024-03-13 00:00:00-04:00,182.36624291386704,183.67870804063088,181.86807509939027,183.34341430664062,7795500,0.0,0.0,177.01674575805663,
2024-03-14 00:00:00-04:00,183.00811407017264,183.58292423683054,179.24315279445563,180.0766143798828,10310900,0.0,0.0,177.58867645263672,
2024-03-15 00:00:00-04:00,178.64916730660943,182.92188558132673,178.64916730660943,182.3087615966797,17214200,0.0,0.0,178.08827590942383,
2024-03-18 00:00:00-04:00,182.62494837009942,184.60801601104086,181.91601765866312,184.5697021484375,9013800,0.0,0.0,178.74115982055665,
2024-03-19 00:00:00-04:00,184.61760186984023,185.7863573820429,184.30145769185557,185.65223693847656,8478700,0.0,0.0,179.414640045166,
2024-03-20 00:00:00-04:00,186.03545138429956,188.30592414737396,185.4798053619121,188.08558654785156,9367000,0.0,0.0,180.15374374389648,
2024-03-21 00:00:00-04:00,188.26759566341468,191.05538575190852,188.08557194045494,190.700927734375,11203800,0.0,0.0,180.91967010498047,
2024-03-22 00:00:00-04:00,190.6530403366258,192.0613123318093,188.28676097699267,188.3634033203125,8108800,0.0,0.0,181.52465286254883,
2024-03-25 00:00:00-04:00,188.34424416251454,188.66996314160914,186.1983025123005,186.6389923095703,8620000,0.0,0.0,182.07359161376954,
2024-03-26 00:00:00-04:00,186.41862975146782,188.40171180202861,185.9108870716493,187.51075744628906,5961500,0.0,0.0,182.66180877685548,
2024-03-27 00:00:00-04:00,188.24840068361698,191.21822862812726,188.13344450600687,191.14158630371094,8725800,0.0,0.0,183.38701934814452,
2024-03-28 00:00:00-04:00,191.11287144733137,192.29121627105735,190.20275286596726,191.88885498046875,8628300,0.0,0.0,184.06912155151366,
2024-04-01 00:00:00-04:00,191.59187857143777,192.5019825513943,190.231510006592,190.58596801757812,7309000,0.0,0.0,184.72296066284179,
2024-04-02 00:00:00-04:00,190.05907376400828,191.39070336903816,189.76209383035894,190.50933837890625,7014700,0.0,0.0,185.306388092041,
2024-04-03 00:00:00-04:00,190.68177067602005,191.179938575822,189.39804437463775,189.9728546142578,9353400,0.0,0.0,185.7734176635742,
2024-04-04 00:00:00-04:00,191.90001922373713,192.4107236126536,188.43108458411373,188.52743530273438,9243800,1.15,0.0,186.12123260498046,
2024-04-05 00:00:00-04:00,189.0188703042211,190.90750898554447,188.00709223043438,190.26190185546875,6532300,0.0,0.0,186.6352867126465,
2024-04-08 00:00:00-04:00,190.42573235528224,191.73622278453385,190.42573235528224,191.25442504882812,8001000,0.0,0.0,187.18220291137695,
2024-04-09 00:00:00-04:00,190.85937544895748,191.63988548294424,187.8144100172181,189.9728546142578,7351500,0.0,0.0,187.66168518066405,
2024-04-10 00:00:00-04:00,188.43107804166027,189.8957471248509,187.11094238303184,188.35398864746094,7681400,0.0,0.0,187.98598022460936,
2024-04-11 00:00:00-04:00,188.86471669386384,189.41397318264956,186.2051984254445,188.31546020507812,10137700,0.0,0.0,188.23458251953124,
2024-04-12 00:00:00-04:00,181.46428547393805,182.05206452908797,175.89469075931578,176.13558959960938,31532300,0.0,0.0,188.03753128051758,
2024-04-15 00:00:00-04:00,177.78335331100874,180.63560219672368,175.5670809252794,176.23196411132812,14766600,0.0,0.0,187.73369140625,
2024-04-16 00:00:00-04:00,176.2415895769628,176.49213378652257,173.10990458385498,174.21804809570312,16451800,0.0,0.0,187.2161087036133,
2024-04-17 00:00:00-04:00,174.7673084398127,175.77908663989885,172.67630800139477,173.52427673339844,9017100,0.0,0.0,186.60971069335938,
2024-04-18 00:00:00-04:00,174.50713892954175,176.68485931658026,173.4182713843728,174.65167236328125,9557700,0.0,0.0,185.93801498413086,
2024-04-19 00:00:00-04:00,175.7597928603478,179.11311539639945,174.8058428364993,179.03602600097656,13402300,0.0,0.0,185.35476989746093,
2024-04-22 00:00:00-04:00,179.21910825831145,183.20839250417927,179.2094628944951,182.5146026611328,11529700,0.0,0.0,185.06232986450195,
2024-04-23 00:00:00-04:00,184.1719918434863,185.23193795193276,183.5841980666637,185.1452178955078,9144400,0.0,0.0,184.98764114379884,
2024-04-24 00:00:00-04:00,183.5938388084488,186.1955435671471,183.24694386040238,186.05101013183594,6964900,0.0,0.0,184.91465377807617,
2024-04-25 00:00:00-04:00,185.25120698468584,186.87968548703992,184.22015289733093,186.33042907714844,9802300,0.0,0.0,184.67409591674806,181.97730804443358
2024-04-26 00:00:00-04:00,186.52319536447408,187.77585780134223,186.03175222993866,186.44610595703125,6413700,0.0,0.0,184.40195846557617,182.3334701538086
2024-04-29 00:00:00-04:00,186.43642951373823,187.18803273189192,185.42465142674712,186.24371337890625,5387800,0.0,0.0,184.1848457336426,182.61200897216796
2024-04-30 00:00:00-04:00,185.79082028032872,187.89146582521732,184.66341546581035,184.75978088378906,8153700,0.0,0.0,183.89736785888672,182.87696411132814
2024-05-01 00:00:00-04:00,185.27050491712367,187.3807813464834,183.8443730368157,184.87542724609375,7445300,0.0,0.0,183.64249649047852,183.13082000732422
2024-05-02 00:00:00-04:00,186.04136649178366,186.45570544630326,182.6205999628326,184.6826934814453,6501700,0.0,0.0,183.45025939941405,183.35840362548828
2024-05-03 00:00:00-04:00,185.0103322613228,185.52103668973848,181.59921072970675,183.57456970214844,8922800,0.0,0.0,183.11589279174805,183.52224700927735
2024-05-06 00:00:00-04:00,184.75017054375832,185.20306162817724,182.90971421917007,185.01034545898438,7911100,0.0,0.0,182.80368881225587,183.69717895507813
2024-05-07 00:00:00-04:00,184.72122647131476,185.90644464013317,184.67304376294203,184.7694091796875,7688800,0.0,0.0,182.54351654052735,183.87936279296875
2024-05-08 00:00:00-04:00,184.04672254615033,189.49103070873517,184.04672254615033,188.52743530273438,9227600,0.0,0.0,182.55218887329102,184.13498321533203
2024-05-09 00:00:00-04:00,188.06494025066024,190.3968396989322,187.99749620840709,190.31011962890625,7977300,0.0,0.0,182.65192184448242,184.40843811035157
2024-05-10 00:00:00-04:00,191.31225220973687,192.08313158307237,191.05209200008576,191.5338897705078,7529800,0.0,0.0,183.42183685302734,184.6741796875
2024-05-13 00:00:00-04:00,191.56278955355822,192.57456777562447,190.83044755880903,191.49533081054688,7049200,0.0,0.0,184.18500518798828,184.95390258789064
2024-05-14 00:00:00-04:00,191.75549870329445,194.24157678253718,190.94608203655494,194.1741180419922,8596200,0.0,0.0,185.18280868530275,185.26056915283203
2024-05-15 00:00:00-04:00,194.65590813494666,195.31116067512863,192.49746377505176,194.7522735595703,8370000,0.0,0.0,186.24420852661132,185.54296936035155
2024-05-16 00:00:00-04:00,194.85828325382275,197.0360037913896,194.63666040567003,195.09918212890625,8497900,0.0,0.0,187.26658401489257,185.8135302734375
2024-05-17 00:00:00-04:00,196.39038213409867,197.58524575986786,195.42678670459753,197.33470153808594,9260500,0.0,0.0,188.18151779174804,186.16060791015624
2024-05-20 00:00:00-04:00,196.9492646377528,198.3850270872914,188.28653663611217,188.45999145507812,17373300,0.0,0.0,188.47878723144532,186.32348571777345
2024-05-21 00:00:00-04:00,189.82829671705844,192.62271753868023,189.44286443245517,192.25656127929688,14420800,0.0,0.0,188.83435440063477,186.56095275878906
2024-05-22 00:00:00-04:00,191.75548988631044,193.62486736637322,190.493182230039,191.09060668945312,9425300,0.0,0.0,189.08633422851562,186.74540313720703
2024-05-23 00:00:00-04:00,190.60880476690767,191.08097180868498,188.93215817182306,189.75120544433594,8069400,0.0,0.0,189.257373046875,186.87355895996095
2024-05-24 00:00:00-04:00,190.55099509409158,193.45141202711477,190.3679096110055,193.4032440185547,7356200,0.0,0.0,189.60522994995117,187.14009155273436
2024-05-28 00:00:00-04:00,192.58419966003052,193.11418013241058,191.427887986029,192.2373046875,6910200,0.0,0.0,189.90490951538087,187.33866241455078
2024-05-29 00:00:00-04:00,190.79189209985074,191.7458568535377,189.72230060146205,190.89788818359375,6120000,0.0,0.0,190.2118148803711,187.4652261352539
2024-05-30 00:00:00-04:00,191.33151370112188,192.5745600882193,191.17733489750825,192.073486328125,6829100,0.0,0.0,190.57171783447265,187.59365112304687
2024-05-31 00:00:00-04:00,192.04458221888913,195.89896414118172,191.12916945300466,195.25335693359375,14417900,0.0,0.0,191.1002510070801,187.73700653076173
2024-06-03 00:00:00-04:00,194.9450070082419,195.051003103416,191.9385936953771,194.4728546142578,6444300,0.0,0.0,191.64516525268556,187.81244506835938
2024-06-04 00:00:00-04:00,192.8732480563215,194.6269839409827,191.06168410010824,191.90965270996094,6848300,0.0,0.0,191.99013061523436,187.88337005615233
2024-06-05 00:00:00-04:00,192.48779999766606,192.54562806888822,189.7511927584058,190.0788116455078,8351600,0.0,0.0,192.2556007385254,187.9521664428711
2024-06-06 00:00:00-04:00,190.0788267225114,190.8111686497674,188.2190946247148,189.7415771484375,7640300,0.0,0.0,192.31630783081056,187.99678283691406
2024-06-07 00:00:00-04:00,190.24264896458575,193.60560249014668,189.83794062651856,192.67091369628906,6964500,0.0,0.0,192.4343475341797,188.02736938476562
2024-06-10 00:00:00-04:00,191.98678184820932,193.52852589958755,191.21590247086962,192.3433074951172,6070800,0.0,0.0,192.47481842041014,188.0364584350586
2024-06-11 00:00:00-04:00,190.70515975277357,190.73406643708634,186.55206613579313,187.28439331054688,9235300,0.0,0.0,192.26427154541017,187.97042694091797
2024-06-12 00:00:00-04:00,188.8647068899173,189.55849678536873,184.34544190823777,184.55743408203125,12751300,0.0,0.0,191.7834373474121,187.85138885498046
2024-06-13 00:00:00-04:00,185.31867945628954,187.4963998266889,183.93109968979465,186.60989379882812,8587800,0.0,0.0,191.376318359375,187.78412963867189
2024-06-14 00:00:00-04:00,184.4803457421218,187.76620975150024,184.45143905492023,186.72552490234375,6874000,0.0,0.0,190.95763549804687,187.74809143066406
2024-06-17 00:00:00-04:00,186.43645790995294,188.46001439214388,185.6270411983969,187.88185119628906,8725400,0.0,0.0,190.48499298095703,187.70049041748047
2024-06-18 00:00:00-04:00,187.5156697796133,190.75335089548557,187.0627787676238,189.8282928466797,9023000,0.0,0.0,190.55340805053712,187.6719677734375
2024-06-20 00:00:00-04:00,189.24050362241672,192.1891032500522,188.97069808154154,191.4375,8731100,0.0,0.0,190.51245498657227,187.70126068115235
2024-06-21 00:00:00-04:00,189.5488404243681,189.99208603434872,187.14948280263772,189.1537628173828,20972100,0.0,0.0,190.41561279296874,187.71725616455078
2024-06-24 00:00:00-04:00,190.60879272565364,191.97709635032322,189.9246482649679,191.6398468017578,9785900,0.0,0.0,190.51004486083986,187.78374389648437
2024-06-25 00:00:00-04:00,190.87860580369815,192.7865352475538,190.54135624177928,190.85934448242188,6862500,0.0,0.0,190.3828498840332,188.07821899414063
2024-06-26 00:00:00-04:00,190.26192128986204,190.73408836007184,189.13451636218556,190.24264526367188,7758600,0.0,0.0,190.2831169128418,188.3584326171875
2024-06-27 00:00:00-04:00,190.25228032036694,192.5841794508362,189.73193056452473,191.91929626464844,7913500,0.0,0.0,190.33418731689454,188.7124575805664
2024-06-28 00:00:00-04:00,192.7287301985706,195.22445371208025,192.04458562906325,194.89682006835938,15307600,0.0,0.0,190.47535400390626,189.1399084472656
2024-07-01 00:00:00-04:00,195.45568801743792,199.55096848022373,195.28224790247992,197.97067260742188,10205800,0.0,0.0,190.61121978759766,189.60628845214845
2024-07-02 00:00:00-04:00,197.81650964061552,201.25655256216248,197.31545057733877,201.22764587402344,7802900,0.0,0.0,190.94895935058594,190.05012084960939
2024-07-03 00:00:00-04:00,201.92143562022005,202.72122163240437,200.0905953876403,201.09274291992188,5560900,0.0,0.0,191.408113861084,190.42168365478517
2024-07-05 00:00:00-04:00,200.55983012100543,200.92801531072178,198.166559856373,198.42816162109375,8093100,1.15,0.0,191.8255813598633,190.68734252929687
2024-07-08 00:00:00-04:00,198.67037469371868,200.4725939206449,197.6336221989916,198.7963409423828,8707000,0.0,0.0,192.27831954956054,190.94224914550782
2024-07-09 00:00:00-04:00,199.2420772065153,203.243768068706,199.06766124607273,201.17994689941406,9058900,0.0,0.0,192.7037712097168,191.23923950195314
2024-07-10 00:00:00-04:00,199.73621498518906,201.5093674070047,199.19361387387812,201.3446502685547,8328500,0.0,0.0,193.15383834838866,191.53721038818358
2024-07-11 00:00:00-04:00,199.80405397767697,201.6353401799566,198.99983630998767,201.00552368164062,10658100,0.0,0.0,193.83989486694335,191.8324465942383
2024-07-12 00:00:00-04:00,197.66270050334498,201.00552262843246,195.8217302851147,198.57350158691406,15443400,0.0,0.0,194.5406982421875,192.1087210083008
2024-07-15 00:00:00-04:00,200.75362584664956,205.03631636354487,200.2982252573514,203.5247802734375,10719700,0.0,0.0,195.38644256591797,192.48170806884767
2024-07-16 00:00:00-04:00,203.4763018043115,207.1001231684869,201.61594881913035,206.9838409423828,11557000,0.0,0.0,196.39935836791992,192.9277310180664
2024-07-17 00:00:00-04:00,207.15825155441482,210.80144087514543,206.6447173220578,210.13287353515625,11572500,0.0,0.0,197.51190948486328,193.45889709472655
2024-07-18 00:00:00-04:00,208.93139924044766,209.91001798904472,202.73990694627264,203.4569091796875,12415100,0.0,0.0,198.19334030151367,193.82782836914063
2024-07-19 00:00:00-04:00,204.63903879865143,205.75332275483197,202.42986850793523,203.26315307617188,8095900,0.0,0.0,198.78462295532228,194.1977032470703
2024-07-22 00:00:00-04:00,203.92203559046192,205.5789059089919,203.1953344509871,203.74761962890625,7663200,0.0,0.0,199.51431579589843,194.50210693359375
2024-07-23 00:00:00-04:00,204.46461837922644,204.9103200919362,202.84649909482658,203.79605102539062,5557300,0.0,0.0,200.12212600708008,194.77182556152343
2024-07-24 00:00:00-04:00,203.04027601093728,205.44323000612815,201.60625674757168,202.11009216308594,7119000,0.0,0.0,200.68466339111328,194.983349609375
2024-07-25 00:00:00-04:00,202.16823923465998,203.66040709970025,201.58688722802887,202.1876220703125,6403800,0.0,0.0,201.28191223144532,195.19719543457032
2024-07-26 00:00:00-04:00,202.73993914118898,206.53816208776365,202.13918946334357,205.64674377441406,8027800,0.0,0.0,201.9682846069336,195.42664794921876
2024-07-29 00:00:00-04:00,206.04398233686015,206.9741662638421,204.00922809779334,204.29991149902344,6533600,0.0,0.0,202.4384391784668,195.6176007080078
2024-07-30 00:00:00-04:00,206.60596247075222,209.086433183662,206.3443607207926,208.5050811767578,8850700,0.0,0.0,202.96515960693358,195.88571868896486
2024-07-31 00:00:00-04:00,208.10781784368027,209.667803483179,206.06336479793686,206.1893310546875,9071600,0.0,0.0,203.2132438659668,196.06281127929688
2024-08-01 00:00:00-04:00,206.57688825491246,207.18732188596175,199.968760867642,201.4996795654297,10918600,0.0,0.0,203.23359069824218,196.3236050415039
2024-08-02 00:00:00-04:00,197.54643056321328,198.31188254529528,190.7735710295601,192.95367431640625,18041700,0.0,0.0,202.95986633300782,196.3375473022461
2024-08-05 00:00:00-04:00,188.02181219061254,190.07594935886874,184.96965851641983,188.84539794921875,13927000,0.0,0.0,202.46231918334962,196.2926431274414
2024-08-06 00:00:00-04:00,189.3298537713401,196.3061961505075,187.97335096693075,194.11639404296875,10605800,0.0,0.0,202.10914154052733,196.37994689941405
2024-08-07 00:00:00-04:00,197.1879178800858,199.35833717721835,193.98074602423208,194.17453002929688,9204400,0.0,0.0,201.75063552856446,196.39537261962892
2024-08-08 00:00:00-04:00,196.18023761176147,198.54444097938318,195.5213542345817,197.72084045410156,7761200,0.0,0.0,201.5864013671875,196.50504333496093
2024-08-09 00:00:00-04:00,197.14917929384904,200.05598390550287,196.59687932094388,199.40679931640625,5540200,0.0,0.0,201.6280662536621,196.6752215576172
2024-08-12 00:00:00-04:00,199.99785008173868,200.70516839716132,197.33327918901625,199.78468322753906,6936000,0.0,0.0,201.4410614013672,196.82944549560546
2024-08-13 00:00:00-04:00,201.27683333721112,201.62565047648485,199.0192133503523,201.48031616210938,6387800,0.0,0.0,201.1658851623535,196.95398468017578
2024-08-14 00:00:00-04:00,201.28652524962934,204.2126977671037,200.6857756063299,203.7088623046875,6999800,0.0,0.0,200.84468460083008,197.13870483398438
2024-08-15 00:00:00-04:00,206.38310184525676,207.24545318176396,204.54213173331544,204.9781494140625,7001000,0.0,0.0,200.92074661254884,197.40007476806642
2024-08-16 00:00:00-04:00,205.11381260076865,207.43925023433258,205.01691320571518,207.32298278808594,7931200,0.0,0.0,201.12373809814454,197.74495819091797
2024-08-19 00:00:00-04:00,207.35205125366764,208.83452034386772,207.1776500829486,208.7570037841797,6090800,0.0,0.0,201.37420730590821,198.12526672363282
2024-08-20 00:00:00-04:00,208.32096526420528,209.2898999863644,207.04196433426543,207.8558807373047,5640000,0.0,0.0,201.57719879150392,198.42896606445314
2024-08-21 00:00:00-04:00,207.76869396728614,208.32099393160962,206.22809109539315,207.9334259033203,5202300,0.0,0.0,201.8683654785156,198.7407684326172
2024-08-22 00:00:00-04:00,207.91402560473358,210.06506198606058,207.68147593642723,209.9003448486328,5247100,0.0,0.0,202.25400161743164,199.1930874633789
2024-08-23 00:00:00-04:00,210.84023225086867,212.3808351357758,209.77439798691063,211.52816772460938,7214000,0.0,0.0,202.5480728149414,199.73250213623047
2024-08-26 00:00:00-04:00,212.20640182266425,212.85558635408168,211.27623270905207,212.36143493652344,5105200,0.0,0.0,202.9511489868164,200.24753295898438
2024-08-27 00:00:00-04:00,212.69087283059343,213.57260704778895,212.38082138237573,213.34005737304688,5185200,0.0,0.0,203.19289779663086,200.77982360839843
2024-08-28 00:00:00-04:00,212.43896777243532,215.30702145952048,212.38083404647628,214.41558837890625,6506400,0.0,0.0,203.6042106628418,201.3104983520508
2024-08-29 00:00:00-04:00,215.24885832915527,216.05307598143608,212.13858592341361,215.3070068359375,6416100,0.0,0.0,204.2945770263672,201.82007263183593
2024-08-30 00:00:00-04:00,215.58800570955643,218.47542744404245,215.03570574430626,217.81655883789062,8574100,0.0,0.0,205.5377212524414,202.34765380859375
2024-09-03 00:00:00-04:00,215.39421425176897,217.13829989127248,212.42927605699902,213.4563446044922,8956100,0.0,0.0,206.76826858520508,202.83370544433595
2024-09-04 00:00:00-04:00,214.173349783352,215.1713662670712,210.46234236965944,212.5164794921875,7389500,0.0,0.0,207.68827285766602,203.25123809814454
2024-09-05 00:00:00-04:00,213.31098292052562,213.94079938958222,209.31897641386968,210.86927795410156,8067900,0.0,0.0,208.52301025390625,203.65143676757813
2024-09-06 00:00:00-04:00,210.84021807182933,211.94480315075108,204.53244307121116,205.85989379882812,7777000,0.0,0.0,208.9299629211426,203.96378173828126
2024-09-09 00:00:00-04:00,208.5050831538885,211.373121898597,207.52644953811344,210.0747528076172,8935100,0.0,0.0,209.46336059570314,204.3268908691406
2024-09-10 00:00:00-04:00,211.80917472707006,211.84792561771002,194.37803058044938,199.17425537109375,28406900,0.0,0.0,209.43283920288087,204.41243957519532
2024-09-11 00:00:00-04:00,198.87385648358648,201.24774365274575,195.56010142865367,200.79234313964844,13658700,0.0,0.0,209.3984405517578,204.46887298583985
2024-09-12 00:00:00-04:00,201.1993155648375,202.29421667579123,198.52506070300046,200.18194580078125,9054400,0.0,0.0,209.2220947265625,204.447958984375
2024-09-13 00:00:00-04:00,200.4338663672247,201.3931172041878,196.71316004135957,197.9727783203125,10226700,0.0,0.0,208.871826171875,204.3855596923828
2024-09-16 00:00:00-04:00,199.43584981187368,201.74191934565195,199.2033001395087,201.4027862548828,8634900,0.0,0.0,208.57581634521483,204.4450521850586
2024-09-17 00:00:00-04:00,201.27680311415773,203.40845651862745,201.20898537255664,202.7495880126953,7573300,0.0,0.0,208.27544555664062,204.52411712646483
2024-09-18 00:00:00-04:00,202.5170730652925,204.77469310004415,200.27883586779294,201.0830535888672,8259900,0.0,0.0,207.93680419921876,204.5221792602539
2024-09-19 00:00:00-04:00,203.2631395933968,205.32697543260485,200.89893633406905,203.94139099121094,11635200,0.0,0.0,207.7372024536133,204.57411407470704
2024-09-20 00:00:00-04:00,203.40848746171363,204.85220572136328,202.9918525698363,204.53245544433594,20885000,0.0,0.0,207.46880798339845,204.64465270996095
2024-09-23 00:00:00-04:00,204.4452483421294,205.22039916009663,203.4666294901187,204.87158203125,7223500,0.0,0.0,207.13597869873047,204.77061431884766
2024-09-24 00:00:00-04:00,204.59057306913016,206.33465863167038,203.83480512282463,205.01690673828125,7323200,0.0,0.0,206.76875228881835,204.80045684814453
2024-09-25 00:00:00-04:00,205.1041190935442,205.6467350211927,202.12949683357203,203.66041564941406,8976500,0.0,0.0,206.2847702026367,204.73398834228516
2024-09-26 00:00:00-04:00,204.57122104675736,205.12350622705011,202.51706909670156,203.26315307617188,7807500,0.0,0.0,205.7271484375,204.59659393310548
2024-09-27 00:00:00-04:00,204.10610395531677,205.84050547792145,202.82711774343403,203.9607696533203,7032500,0.0,0.0,205.15983657836915,204.60667114257814
2024-09-30 00:00:00-04:00,199.90092942426304,204.40648496190244,198.8835449619076,204.30958557128906,8663800,0.0,0.0,204.48448791503907,204.62759979248048
2024-10-01 00:00:00-04:00,202.410449695536,202.59454965117,199.78464497978652,200.6082305908203,8540100,0.0,0.0,203.84208221435546,204.56481201171874
2024-10-02 00:00:00-04:00,200.64702634995896,202.4589297507457,199.30020752778822,200.85049438476562,5810900,0.0,0.0,203.25878295898437,204.50590087890626
2024-10-03 00:00:00-04:00,199.76529329860566,200.07535954271492,197.99214077513295,198.8544921875,7251300,0.0,0.0,202.6580436706543,204.44078887939452
2024-10-04 00:00:00-04:00,204.04081375554424,206.35125678113758,201.7108691151778,205.91256713867188,10211700,1.25,0.0,202.6606773376465,204.51528778076172
2024-10-07 00:00:00-04:00,205.72734549649854,207.9695552543958,204.4210198974657,205.62985229492188,6718900,0.0,0.0,202.4384323120117,204.51494995117187
2024-10-08 00:00:00-04:00,205.28866492977315,206.01981934784965,203.1439482784904,205.4543914794922,6021800,0.0,0.0,202.75243911743163,204.53803955078126
2024-10-09 00:00:00-04:00,204.43075470295543,208.85668406253154,204.1188032466524,208.05728149414062,7024000,0.0,0.0,203.11568603515624,204.5290835571289
2024-10-10 00:00:00-04:00,209.41235175203676,209.41235175203676,206.15628129018555,207.49185180664062,7927100,0.0,0.0,203.4811813354492,204.55513397216797
2024-10-11 00:00:00-04:00,210.250740587431,218.98560432950427,209.75356099050913,216.7043914794922,18320700,0.0,0.0,204.4177619934082,204.85922821044923
2024-10-14 00:00:00-04:00,217.59151559620463,218.07895179372093,213.3800745848573,215.91473388671875,9048900,0.0,0.0,205.143359375,205.31844940185547
2024-10-15 00:00:00-04:00,218.0399873843424,219.7850026178934,216.24622555061282,216.80189514160156,9235800,0.0,0.0,205.84597473144532,205.8775793457031
2024-10-16 00:00:00-04:00,216.74341191631046,218.0594809098427,215.48581801928876,218.02049255371094,6382500,0.0,0.0,206.6928466796875,206.35566131591796
2024-10-17 00:00:00-04:00,218.63467411338812,220.174974549694,217.69878990669756,218.78089904785156,6470200,0.0,0.0,207.43482208251953,206.84778869628906
2024-10-18 00:00:00-04:00,219.34630268368366,220.24318355850107,217.4940509667263,219.70700073242188,7000500,0.0,0.0,208.19354934692382,207.28751190185548
2024-10-21 00:00:00-04:00,219.56079415166374,220.0287288046993,217.29908272380536,217.39657592773438,5870000,0.0,0.0,208.81979904174804,207.64730743408202
2024-10-22 00:00:00-04:00,217.41605257710637,219.6192589043824,215.54429930452827,218.4884033203125,9586800,0.0,0.0,209.4933738708496,208.0213818359375
2024-10-23 00:00:00-04:00,218.03998276879733,219.15133680262315,216.9383721046514,217.7962646484375,6180500,0.0,0.0,210.20016632080078,208.34770080566406
2024-10-24 00:00:00-04:00,216.25597029325846,219.40480432984663,216.09024375189844,219.32681274414062,6002200,0.0,0.0,211.00334930419922,208.66005981445312
2024-10-25 00:00:00-04:00,219.34631692871068,219.9507331307945,215.3298469077358,216.72390747070312,6369700,0.0,0.0,211.64150619506836,208.89497497558594
2024-10-28 00:00:00-04:00,217.7377703907154,219.9702217840732,217.34781248059676,219.833740234375,6843000,0.0,0.0,212.41771392822267,209.1451901245117
2024-10-29 00:00:00-04:00,219.55104021485744,221.05233730563867,217.21133731153603,217.299072265625,6580000,0.0,0.0,213.25225601196288,209.31603149414062
2024-10-30 00:00:00-04:00,216.94812692983425,220.6234005440302,216.01225762844507,218.77114868164062,7110900,0.0,0.0,214.14828872680664,209.53433685302736
2024-10-31 00:00:00-04:00,219.05383314379685,220.01896220946816,216.24621064657887,216.34368896484375,7829900,0.0,0.0,215.02274856567382,209.70254211425782
2024-11-01 00:00:00-04:00,217.94248990978247,220.46740607055116,217.1040989794246,217.33807373046875,6923500,0.0,0.0,215.59402389526366,209.85129669189453
2024-11-04 00:00:00-05:00,217.05534066277878,218.13744965545976,213.66278877033548,214.25746154785156,8229600,0.0,0.0,216.02540435791016,209.90588256835937
2024-11-05 00:00:00-05:00,214.50119437936183,216.3827060342441,214.4719493944743,215.9245147705078,5600700,0.0,0.0,216.54891052246094,209.97714416503905
2024-11-06 00:00:00-05:00,229.09503015318575,241.76837224676623,228.87081365048078,240.85198974609375,23987800,0.0,0.0,218.1886459350586,210.5273828125
2024-11-07 00:00:00-05:00,238.35631288973238,238.4245611010864,229.30949778685132,230.4403533935547,16451100,0.0,0.0,219.3360710144043,210.84787811279296
2024-11-08 00:00:00-05:00,233.32596812691025,233.32596812691025,229.85542459219883,231.0252685546875,9502100,0.0,0.0,220.05211486816407,211.16224334716796
2024-11-11 00:00:00-05:00,233.96940296741977,236.0166411935343,232.9945304550555,233.27723693847656,9017100,0.0,0.0,220.92024002075195,211.4714569091797
2024-11-12 00:00:00-05:00,234.5055801689047,235.3927177038515,232.76055008364676,233.5404510498047,6861000,0.0,0.0,221.7571678161621,211.87313903808592
2024-11-13 00:00:00-05:00,234.53482242214545,237.95661946303818,234.2716026881157,235.10025024414062,11472600,0.0,0.0,222.61115570068358,212.324814453125
2024-11-14 00:00:00-05:00,236.32857172538908,238.15157840188607,234.9930012618911,235.79238891601562,10172200,0.0,0.0,223.46173019409179,212.82327667236328
2024-11-15 00:00:00-05:00,235.39270043585103,240.22805929564407,235.39270043585103,239.1459503173828,11518800,0.0,0.0,224.43367767333984,213.4889978027344
2024-11-18 00:00:00-05:00,241.53439878737493,241.7001253228993,236.58204483473264,238.8730010986328,9051400,0.0,0.0,225.50749893188475,214.0649627685547
2024-11-19 00:00:00-05:00,236.16284595910426,238.98997005346044,235.48043823378097,236.9817352294922,6792700,0.0,0.0,226.43216552734376,214.82111236572266
2024-11-20 00:00:00-05:00,238.25881553494594,238.4635452900603,232.64355570287003,234.7297821044922,9015300,0.0,0.0,227.2788414001465,215.49986114501954
2024-11-21 00:00:00-05:00,237.1182332570701,239.32145462031437,236.02638082065624,238.6097869873047,8783500,0.0,0.0,228.24299011230468,216.26841796875
2024-11-22 00:00:00-05:00,237.48867789284088,242.88946471506705,236.9232500873834,242.30455017089844,7997300,0.0,0.0,229.52202224731445,217.15505340576172
2024-11-25 00:00:00-05:00,243.3184010045602,247.91979996530333,242.80171981779378,244.0008087158203,10295400,0.0,0.0,230.73037567138672,218.00701385498047
2024-11-26 00:00:00-05:00,244.19581114213256,244.6929907482795,242.09982639974197,243.68887329101562,6212100,0.0,0.0,232.04986572265625,218.82579956054687
2024-11-27 00:00:00-05:00,243.08446580861101,244.8782276531576,242.51903796895252,243.51339721679688,5472300,0.0,0.0,233.28697814941407,219.67440643310547
2024-11-29 00:00:00-05:00,243.58164146598557,245.443651495947,243.18194017414328,243.44515991210938,5494800,0.0,0.0,234.64205169677734,220.46448181152343
2024-12-02 00:00:00-05:00,243.27941409735303,243.9618218126636,238.8729866171908,240.0623321533203,8899700,0.0,0.0,235.77826461791992,221.17507934570312
2024-12-03 00:00:00-05:00,241.9925775855291,242.7822218687173,238.4830457852067,238.66827392578125,6657700,0.0,0.0,236.9988052368164,221.85101318359375
2024-12-04 00:00:00-05:00,238.55130331898147,239.18497938393276,236.1433669979899,237.28396606445312,7346300,0.0,0.0,238.06677780151367,222.4963543701172
2024-12-05 00:00:00-05:00,239.22395633141434,240.96897151858755,238.47330035966178,239.3116912841797,6572500,0.0,0.0,237.98976287841796,223.2093798828125
2024-12-06 00:00:00-05:00,239.52616308454475,241.5149112550535,238.6877721646976,241.1444549560547,5519700,0.0,0.0,238.52496795654298,223.96700592041014
2024-12-09 00:00:00-05:00,240.92022306263036,241.64161912465175,237.63489293086974,237.6836395263672,7076500,0.0,0.0,238.85788650512694,224.6414633178711
2024-12-10 00:00:00-05:00,237.761640011308,241.72937800255815,236.13360481323514,236.7575225830078,9108300,0.0,0.0,239.03190078735352,225.29042205810546
2024-12-11 00:00:00-05:00,237.8688815563827,238.13210128714388,236.09460652918457,237.4106903076172,7884400,0.0,0.0,239.22541275024415,226.0264712524414
2024-12-12 00:00:00-05:00,236.89400116622053,237.96636679243073,234.9832446528022,235.4609375,6113800,0.0,0.0,239.24344711303712,226.7186801147461
2024-12-13 00:00:00-05:00,235.98737166739292,236.62103278438437,233.13098776801226,233.910888671875,10392700,0.0,0.0,239.14937210083008,227.41980804443358
2024-12-16 00:00:00-05:00,234.564053927533,234.62254389276222,231.55170171524648,233.5599365234375,9032000,0.0,0.0,238.8700714111328,227.9727554321289
2024-12-17 00:00:00-05:00,232.65329666609054,233.01400957609778,230.6840650914864,232.37059020996094,8083600,0.0,0.0,238.54495086669922,228.50757019042967
2024-12-18 00:00:00-05:00,232.99451380384923,233.06276201501683,223.76247058150787,224.58135986328125,11322400,0.0,0.0,237.92493209838867,228.89010955810548
2024-12-19 00:00:00-05:00,226.43361313978184,230.42083762629233,226.43361313978184,227.1062774658203,11790800,0.0,0.0,237.54375686645508,229.27108947753905
2024-12-20 00:00:00-05:00,226.09241646451787,233.19924494408565,225.77070677147742,231.62969970703125,32348400,0.0,0.0,237.19475250244142,229.75384643554688
2024-12-23 00:00:00-05:00,230.1381600842092,232.62407307909908,228.97805941972783,232.3998565673828,8611500,0.0,0.0,236.69951782226562,230.06775573730468
2024-12-24 00:00:00-05:00,233.41370654218963,236.3968287725742,233.06276673606905,236.22134399414062,3729100,0.0,0.0,236.31054458618163,230.47388793945314
2024-12-26 00:00:00-05:00,235.36346377621322,237.14748226082733,234.73954596263567,237.03050231933594,4451800,0.0,0.0,235.97762603759764,230.8784600830078
2024-12-27 00:00:00-05:00,236.62104061366176,237.274203365589,234.00837473058,235.1099853515625,5730200,0.0,0.0,235.55745544433594,231.22024993896486
2024-12-30 00:00:00-05:00,232.77032042409263,234.7882988456852,231.15202843841487,233.30650329589844,5723800,0.0,0.0,235.0505226135254,231.5107620239258
2024-12-31 00:00:00-05:00,234.01812908048691,235.3732011590255,233.0237550398253,233.68667602539062,4871000,0.0,0.0,234.73173980712892,231.79035552978516
2025-01-02 00:00:00-05:00,234.8662717490942,237.16697135432236,233.43320803999086,233.96939086914062,9220900,0.0,0.0,234.49679565429688,232.1218118286133
2025-01-03 00:00:00-05:00,237.7616344424465,238.72676349550633,234.22284278993322,237.16696166992188,9491100,0.0,0.0,234.4909454345703,232.49538299560547
2025-01-06 00:00:00-05:00,238.80339256994662,240.75341336991133,235.74608675084033,236.0106658935547,9917800,1.25,0.0,234.32589416503907,232.85967102050782
2025-01-07 00:00:00-05:00,237.2747542889821,240.33206029657904,236.0596638477121,238.2840576171875,8753400,0.0,0.0,234.1828742980957,233.23881591796874
2025-01-08 00:00:00-05:00,237.8725034781478,239.3423644677141,235.66771199379835,238.244873046875,8675300,0.0,0.0,234.2109359741211,233.6692352294922
2025-01-10 00:00:00-05:00,238.2056720990623,238.9112065812437,233.94308413409902,235.0503692626953,10256800,0.0,0.0,234.12557830810547,233.9735678100586
2025-01-13 00:00:00-05:00,234.85438920536888,239.6265331425252,234.19785308512638,239.3031768798828,10005300,0.0,0.0,234.22020263671874,234.41364990234376
2025-01-14 00:00:00-05:00,237.7843135936985,242.74264223499935,237.32375595763784,242.49766540527344,12407400,0.0,0.0,234.57203903198243,234.8881802368164
2025-01-15 00:00:00-05:00,245.36880122143756,248.5731025308634,238.78382245178085,247.27963256835938,18448500,0.0,0.0,235.24047622680663,235.50689910888673
2025-01-16 00:00:00-05:00,248.89644685117278,251.87537332844937,247.26000350275368,249.16102600097656,15292300,0.0,0.0,236.0205307006836,236.14335815429686
2025-01-17 00:00:00-05:00,249.03365028322543,255.3834456469004,247.07383560720973,253.95278930664062,17678100,0.0,0.0,237.0996406555176,236.93726470947266
2025-01-21 00:00:00-05:00,254.8445384648547,258.9405444411146,254.28598403961865,257.74505615234375,13712100,0.0,0.0,238.7578254699707,237.77367553710937
2025-01-22 00:00:00-05:00,257.6176604623576,258.08802679999536,255.0209117225283,257.5588684082031,9021900,0.0,0.0,240.28045501708985,238.10781311035157
2025-01-23 00:00:00-05:00,259.3716610143274,261.4980430710298,258.5093378209672,260.6063537597656,10749700,0.0,0.0,241.72928771972656,238.7111331176758
2025-01-24 00:00:00-05:00,258.3917588239568,261.7332463118807,257.7254290357368,259.5186462402344,7666300,0.0,0.0,243.08522720336913,239.28100067138672
2025-01-27 00:00:00-05:00,258.86215505336446,260.6259764391142,256.99052830164493,260.5083923339844,7522300,0.0,0.0,244.29957962036133,239.82562377929688
2025-01-28 00:00:00-05:00,260.50837209675103,261.9586158198937,259.5088474719919,261.7724609375,7375400,0.0,0.0,245.53667755126952,240.39026397705078
2025-01-29 00:00:00-05:00,261.8410096864953,265.2412890633801,260.27315209491445,261.2236633300781,7684900,0.0,0.0,246.8423614501953,240.91273223876954
2025-01-30 00:00:00-05:00,263.2325025931336,264.28101058042995,261.2628793521523,262.8405456542969,8753500,0.0,0.0,248.31906356811524,241.45369537353517
2025-01-31 00:00:00-05:00,263.8204429620972,265.3784919204346,261.59603433813663,261.92919921875,7193800,0.0,0.0,249.7311897277832,241.9093603515625
2025-02-03 00:00:00-05:00,256.5690870601881,262.7817249766467,256.4417242448514,261.44903564453125,8381400,0.0,0.0,251.10517196655275,242.36088104248046
2025-02-04 00:00:00-05:00,264.4182146013332,264.4182146013332,261.4686836979807,262.556396484375,5626000,0.0,0.0,252.3746437072754,242.87237426757812
2025-02-05 00:00:00-05:00,263.5068591358702,265.2021094243298,262.93849619098734,264.9963073730469,5704400,0.0,0.0,253.82392578125,243.4777047729492
2025-02-06 00:00:00-05:00,266.97576454409875,271.41474356153265,265.7410717364686,271.3363342285156,7264400,0.0,0.0,255.4765396118164,244.13223571777343
2025-02-07 00:00:00-05:00,271.6988877865912,272.953167941253,269.1903274772675,270.2584228515625,6857900,0.0,0.0,257.0772171020508,244.69131317138672
2025-02-10 00:00:00-05:00,270.6014287866163,270.63082481312006,264.1732384863203,265.5941162109375,8627400,0.0,0.0,258.6044044494629,245.12317932128906
2025-02-11 00:00:00-05:00,264.8297788969493,270.6700185263523,264.2418284862738,269.4647216796875,7196400,0.0,0.0,260.11248168945315,245.6386962890625
2025-02-12 00:00:00-05:00,268.57299861058124,270.8954041954382,267.75968865202606,269.9154968261719,6683900,0.0,0.0,261.48337326049807,246.16673828125
2025-02-13 00:00:00-05:00,269.96444374227315,271.4049085765656,268.3083981197057,270.7679748535156,8398700,0.0,0.0,262.65779037475585,246.71319458007812
2025-02-14 00:00:00-05:00,271.79688876986324,273.6195319367328,270.8953907812424,271.0325622558594,5688600,0.0,0.0,263.7513671875,247.33259918212892
2025-02-18 00:00:00-05:00,271.19916641874227,274.34466062350725,270.47401464832495,274.3250732421875,7919800,0.0,0.0,264.76998138427734,248.04573516845704
2025-02-19 00:00:00-05:00,272.7866150221738,274.61903699637526,271.64991889871,273.6391296386719,7007200,0.0,0.0,265.56468505859374,248.7728384399414
2025-02-20 00:00:00-05:00,273.0805741668203,273.1393662156936,260.40057061690504,261.43927001953125,13846700,0.0,0.0,265.75870513916016,249.21539001464845
2025-02-21 00:00:00-05:00,262.92876408693655,263.79108739460094,257.5588607010997,258.93072509765625,12835600,0.0,0.0,265.6749237060547,249.57111541748046
2025-02-24 00:00:00-05:00,260.1555678724812,261.63523739871215,253.4138011652941,256.0889587402344,10372800,0.0,0.0,265.50343933105466,249.9392218017578
2025-02-25 00:00:00-05:00,256.9611031816803,257.715621040436,248.25952153447065,252.22813415527344,9608400,0.0,0.0,265.0894264221191,250.24863403320313
2025-02-26 00:00:00-05:00,251.9929563312711,255.66760858195272,251.7675668943132,253.5902099609375,5943600,0.0,0.0,264.680313873291,250.57222442626954
2025-02-27 00:00:00-05:00,254.9522707219969,258.34277146574925,252.67887863939237,253.844970703125,8204400,0.0,0.0,264.31137924194337,250.93990509033202
2025-02-28 00:00:00-05:00,255.4912386631127,259.4892472511293,252.70830554612516,259.33245849609375,10467100,0.0,0.0,264.1359748840332,251.4483364868164
2025-03-03 00:00:00-05:00,258.69552959977966,260.9689217339241,252.6397096066585,255.38343811035156,9058300,0.0,0.0,263.8086868286133,251.88480651855468
2025-03-04 00:00:00-05:00,250.15073427928613,252.06156547552163,241.0081973785272,245.2218017578125,13465600,0.0,0.0,262.99732513427733,252.1418307495117
2025-03-05 00:00:00-05:00,246.20170137955762,247.96553745450754,242.8504203132519,246.47607421875,7861400,0.0,0.0,262.1933090209961,252.57972503662108
2025-03-06 00:00:00-05:00,243.12481119110677,244.3496953684526,238.950411297504,241.5863494873047,9983200,0.0,0.0,261.022811126709,252.86932647705078
2025-03-07 00:00:00-05:00,240.30268054279244,241.76274790921943,234.60942110633937,237.41195678710938,20498700,0.0,0.0,259.3265922546387,252.98497161865234
2025-03-10 00:00:00-04:00,231.46391270541537,232.73778024903012,224.10479922419384,227.5540771484375,18887200,0.0,0.0,257.1913749694824,252.88805603027345
2025-03-11 00:00:00-04:00,227.09352369484046,228.63198537977485,222.13519499810542,224.5359649658203,18143000,0.0,0.0,255.13846740722656,252.65434844970704
2025-03-12 00:00:00-04:00,229.29831783730396,229.6118953635389,222.69373697492486,223.3208770751953,16054000,0.0,0.0,252.83127517700194,252.38015594482422
2025-03-13 00:00:00-04:00,224.69276414889097,224.88874263351286,219.72462657901622,220.66534423828125,16467900,0.0,0.0,250.36876754760743,252.0912631225586
2025-03-14 00:00:00-04:00,223.53644664227286,228.45558543419895,223.00730328361723,227.7696533203125,11962100,0.0,0.0,248.21885147094727,251.98052612304687
2025-03-17 00:00:00-04:00,226.53497583495994,230.93476525496936,225.8294562932561,229.22972106933594,9586000,0.0,0.0,246.1287094116211,251.89138702392577
2025-03-18 00:00:00-04:00,229.6118760770625,231.42469553466563,228.82794727952142,230.24880981445312,10344900,0.0,0.0,243.92489624023438,251.81697540283204
2025-03-19 00:00:00-04:00,231.003365794291,237.46095169041473,230.1704385597004,234.30564880371094,10120600,0.0,0.0,241.95822219848634,251.7597491455078
2025-03-20 00:00:00-04:00,231.80687167408394,236.90238671351167,231.45410444315897,234.2076416015625,8328500,0.0,0.0,240.59664077758788,251.72368865966797
2025-03-21 00:00:00-04:00,233.03175603733484,237.43154526163565,231.7480798478655,236.77500915527344,19326900,0.0,0.0,239.48885498046874,251.6935076904297
2025-03-24 00:00:00-04:00,240.54764300232483,243.69315205594,239.49914995258575,243.0758056640625,9422700,0.0,0.0,238.83819732666015,251.79012634277345
2025-03-25 00:00:00-04:00,244.30069841338116,246.76027542501896,242.64465260375079,246.08413696289062,9287700,0.0,0.0,238.530997467041,252.01080169677735
2025-03-26 00:00:00-04:00,247.52460676201224,249.55300723554984,244.76126081139026,245.98614501953125,12779300,0.0,0.0,238.1507942199707,252.14446105957032
2025-03-27 00:00:00-04:00,244.51627067852738,245.6039683943203,242.21348251151562,243.1345977783203,8022500,0.0,0.0,237.61527557373046,252.15719970703125
2025-03-28 00:00:00-04:00,241.97832221404934,244.49667631604888,236.2654605973164,237.9705047607422,11978400,0.0,0.0,236.54717788696288,251.9710171508789
2025-03-31 00:00:00-04:00,234.59960824780165,240.92000728757085,232.59079530977615,240.3712615966797,13603000,0.0,0.0,235.79656906127929,251.79522186279297
2025-04-01 00:00:00-04:00,237.74510920532492,240.7534318549276,236.04008003784892,238.76422119140625,8054700,0.0,0.0,235.47369003295898,251.49145050048827
2025-04-02 00:00:00-04:00,236.7456336942468,242.28210452040526,236.6084472564082,240.88084411621094,7758800,0.0,0.0,235.19392852783204,251.15416625976562
2025-04-03 00:00:00-04:00,229.56288570971617,230.41540026989287,222.73293068156858,224.09500122070312,17188500,0.0,0.0,234.31936111450196,250.48488891601562
2025-04-04 00:00:00-04:00,212.2834044818624,214.63980786720018,205.9930827481223,207.32411193847656,27170700,1.4,0.0,232.81496887207032,249.41924407958984
2025-04-07 00:00:00-04:00,202.87751892186455,218.92867162545016,199.318263676067,211.42564392089844,22914400,0.0,0.0,232.00854721069337,248.4573840332031
2025-04-08 00:00:00-04:00,220.3780027140348,224.63726902095286,210.25236301213724,213.82147216796875,19485700,0.0,0.0,231.4728225708008,247.52364562988282
2025-04-09 00:00:00-04:00,209.51290511747,234.14175911605213,208.03399049311142,231.0458984375,24022400,0.0,0.0,231.85907363891602,246.90911437988282
2025-04-10 00:00:00-04:00,226.76690105221883,227.11198713675623,217.0060708942117,223.9175262451172,18896400,0.0,0.0,232.0216827392578,246.1629916381836
2025-04-11 00:00:00-04:00,223.12878393710992,235.22631016994242,221.83720086361387,232.8797607421875,20284500,0.0,0.0,232.27718811035157,245.5637759399414
2025-04-14 00:00:00-04:00,233.76711210699779,236.4094323607213,230.34588838919925,231.42056274414062,13017800,0.0,0.0,232.3867301940918,244.95360321044922
2025-04-15 00:00:00-04:00,232.78115729997276,235.2953000115482,229.54726533873128,229.8529052734375,10912900,0.0,0.0,232.366934967041,244.32168060302735
2025-04-16 00:00:00-04:00,228.7387885514358,230.29658038223104,224.72599309998205,226.38238525390625,9322300,0.0,0.0,231.97077178955078,243.59820037841797
2025-04-17 00:00:00-04:00,227.5556737150443,231.04590571903626,227.30918793654973,228.69937133789062,9557900,0.0,0.0,231.6953582763672,242.87226165771483
2025-04-21 00:00:00-04:00,227.38806426261334,228.55146991109476,223.15835989610855,225.7711181640625,8716200,0.0,0.0,231.14516372680663,241.9609573364258
2025-04-22 00:00:00-04:00,228.71908031334866,232.6727218450888,228.1176544095649,232.27833557128906,10701400,0.0,0.0,230.60529022216798,241.2013555908203
2025-04-23 00:00:00-04:00,236.8432619550101,243.32090055249418,236.626353260977,237.49398803710938,14126800,0.0,0.0,230.1757827758789,240.63935302734376
2025-04-24 00:00:00-04:00,236.37001079182633,242.01946069973562,234.2403700258936,241.2011260986328,9055200,0.0,0.0,229.936531829834,240.07408111572266
2025-04-25 00:00:00-04:00,241.21097798902758,242.167344017777,238.35174896231777,240.12644958496094,8588600,0.0,0.0,229.786124420166,239.47830017089845
2025-04-28 00:00:00-04:00,241.12224659361283,243.3701956996928,237.45453699015647,239.80108642578125,7394300,0.0,0.0,229.87765350341797,238.85896240234376
2025-04-29 00:00:00-04:00,238.78556197088412,241.80254545200498,238.29259042052325,241.181396484375,7216800,0.0,0.0,229.91816024780275,238.26193908691405
2025-04-30 00:00:00-04:00,237.8193419445802,241.77296836252717,235.07840628381982,241.181396484375,12991700,0.0,0.0,230.03901901245118,237.5990655517578
2025-05-01 00:00:00-04:00,239.42642201137784,244.957563478491,238.76584193081504,243.41949462890625,8689600,0.0,0.0,230.16595153808595,236.9946728515625
2025-05-02 00:00:00-04:00,247.72805089612243,250.0548771482027,245.9533654016641,248.96047973632812,7165000,0.0,0.0,231.4092254638672,236.74509704589843
2025-05-05 00:00:00-04:00,247.64917462464473,251.57323889927602,247.067471820398,249.00978088378906,5450700,0.0,0.0,233.4935089111328,236.5466781616211
2025-05-06 00:00:00-04:00,246.48576466704802,249.09850775479987,245.49982160837982,245.74630737304688,6369900,0.0,0.0,235.20954208374025,236.33982513427733
2025-05-07 00:00:00-04:00,246.33787880460858,248.90132172618286,245.33221267408402,245.88433837890625,8724100,0.0,0.0,236.81268539428712,236.21294921875
2025-05-08 00:00:00-04:00,248.0337269608881,252.28313955589826,248.0140038853657,249.90701293945312,8320100,0.0,0.0,237.75574111938477,236.1392852783203
2025-05-09 00:00:00-04:00,250.92251356291578,251.91831065658968,248.7928729020058,249.52247619628906,5087600,0.0,0.0,239.03598861694337,236.05283538818358
2025-05-12 00:00:00-04:00,259.2044446904927,259.8946169218072,255.0635015683959,256.3945007324219,9603900,0.0,0.0,240.21172561645508,235.99407623291015
2025-05-13 00:00:00-04:00,257.3607489039017,259.96365336015776,256.72976091028096,259.31292724609375,8589000,0.0,0.0,241.60634384155273,236.072666015625
2025-05-14 00:00:00-04:00,259.30304054504273,262.8918879441619,258.60302935469,261.90594482421875,8643100,0.0,0.0,243.2089958190918,236.40634887695313
2025-05-15 00:00:00-04:00,263.217209377267,265.7313520440172,261.03828372684393,263.7298889160156,9214600,0.0,0.0,245.07637100219728,236.75142517089844
2025-05-16 00:00:00-04:00,263.7397655019056,264.6862624037603,260.9889759714906,263.7989196777344,8932900,0.0,0.0,246.83134841918945,237.19567657470702
2025-05-19 00:00:00-04:00,261.8171506513173,264.54823200796864,258.2480418186231,261.1565856933594,12145000,0.0,0.0,248.6006217956543,237.67056915283203
2025-05-20 00:00:00-04:00,258.8297895150459,262.91160867125683,258.61288081463954,261.94537353515625,8436300,0.0,0.0,250.08397369384767,238.3583950805664
2025-05-21 00:00:00-04:00,260.6340439477094,261.91575784118834,257.06493502136397,257.3705749511719,7464000,0.0,0.0,251.0778030395508,239.01508728027343
2025-05-22 00:00:00-04:00,255.79307750804895,258.6128603010642,255.2310827258566,257.00579833984375,6514100,0.0,0.0,251.86803665161133,239.6887857055664
2025-05-23 00:00:00-04:00,253.20002476972337,258.30720239630915,252.40141332994654,257.0451965332031,6671800,0.0,0.0,252.71397399902344,240.41638275146485
2025-05-27 00:00:00-04:00,258.35653699260183,261.5706910214846,258.30722178470336,261.56085205078125,7506600,0.0,0.0,253.80196228027344,241.0922067260742
2025-05-28 00:00:00-04:00,262.49750712162876,262.97077068804947,259.20446045452275,259.7861633300781,5535400,0.0,0.0,254.7322006225586,241.70333557128907
2025-05-29 00:00:00-04:00,261.0776958297107,261.6791367091541,258.8396160390441,260.65374755859375,5081200,0.0,0.0,255.70581817626953,242.31143432617188
2025-05-30 00:00:00-04:00,259.74671429323007,261.600261993738,259.0368340780119,260.2889709472656,10977700,0.0,0.0,256.5492919921875,242.83110076904296
2025-06-02 00:00:00-04:00,259.3227665121298,261.3045219486384,258.21851495559116,260.9397277832031,6011200,0.0,0.0,257.14825439453125,243.3657424926758
2025-06-03 00:00:00-04:00,260.02279517964416,262.8327090581509,259.18473749281026,262.5270690917969,6998400,0.0,0.0,257.82411880493163,243.88078369140624
2025-06-04 00:00:00-04:00,262.18197450214643,263.3650880431389,260.4664132303892,260.505859375,5915700,0.0,0.0,258.5620964050293,244.229384765625
2025-06-05 00:00:00-04:00,261.0185511699558,261.0185511699558,256.65083071751394,258.2677917480469,8173800,0.0,0.0,259.1812690734863,244.47305786132813
2025-06-06 00:00:00-04:00,260.61431507286125,262.90171018684686,260.5453219261883,261.9946594238281,7738100,0.0,0.0,259.78565139770507,244.79322814941406
2025-06-09 00:00:00-04:00,262.26085974590114,264.13414558351,259.6481165969787,262.9904479980469,8285000,0.0,0.0,260.459049987793,245.1903451538086
2025-06-10 00:00:00-04:00,262.14254399250694,265.12008118347507,262.1129669044328,264.8243103027344,7538100,0.0,0.0,260.8805404663086,245.72742126464843
2025-06-11 00:00:00-04:00,264.9031944101953,265.8299833646017,262.05383439482847,264.3806457519531,7434100,0.0,0.0,261.13392639160156,246.2076089477539
2025-06-12 00:00:00-04:00,263.108754096244,264.51867555838396,261.41296089523235,264.4693603515625,6618000,0.0,0.0,261.26209716796876,246.72171173095703
2025-06-13 00:00:00-04:00,261.3537637738832,263.2664956490745,259.0170836192922,261.2256164550781,7098300,0.0,0.0,261.1368835449219,247.12860717773438
2025-06-16 00:00:00-04:00,263.2467856983216,267.91030700344754,263.0989002634007,266.5595397949219,8566000,0.0,0.0,261.27491455078126,247.97789794921874
2025-06-17 00:00:00-04:00,264.4003851091389,266.78635065847226,264.03556087289496,265.73138427734375,6739300,0.0,0.0,261.50365447998047,249.1460433959961
2025-06-18 00:00:00-04:00,266.20462172672063,273.81610322556173,265.92855887810333,270.10894775390625,9586400,0.0,0.0,261.91183319091795,250.31970947265626
2025-06-20 00:00:00-04:00,271.6963331378996,273.40199535536493,269.96106374392457,271.13433837890625,13969700,0.0,0.0,262.6000213623047,251.465966796875
2025-06-23 00:00:00-04:00,271.1934990823813,274.63443077664516,268.2849549834157,274.3583679199219,8094600,0.0,0.0,263.46764984130857,252.33221618652342
2025-06-24 00:00:00-04:00,276.2710772548705,278.7359347339012,275.58093521389725,277.30633544921875,9267900,0.0,0.0,264.4807067871094,253.39999237060547
2025-06-25 00:00:00-04:00,277.5429742316298,280.283894762949,276.96127143090536,280.0669860839844,6826900,0.0,0.0,265.40601348876953,254.34373687744142
2025-06-26 00:00:00-04:00,280.6980130310247,285.3417966142587,280.47123528578646,284.6910705566406,8942100,0.0,0.0,266.65125885009763,255.4091470336914
2025-06-27 00:00:00-04:00,281.79238274090324,284.6417726184297,281.0332174188349,283.0740966796875,17868600,0.0,0.0,267.7722763061523,256.4735708618164
2025-06-30 00:00:00-04:00,286.3178803397518,288.5362523931413,284.8587037568908,285.83477783203125,12689200,0.0,0.0,269.0495666503906,257.6626187133789
2025-07-01 00:00:00-04:00,286.8009917731804,287.0376084797312,282.5614185530472,286.3277282714844,9338300,0.0,0.0,270.3189666748047,258.8151858520508
2025-07-02 00:00:00-04:00,287.93483189106854,288.70386630697305,285.6277286433551,287.8953857421875,8158700,0.0,0.0,271.5873825073242,260.05767120361327
2025-07-03 00:00:00-04:00,289.43094323142554,293.6413883261785,288.4996894270786,293.2451171875,6541600,1.4,0.0,273.2243453979492,261.2770068359375
2025-07-07 00:00:00-04:00,292.50209620860613,293.28475211178096,287.38020030669605,289.25262451171875,8825700,0.0,0.0,274.7735870361328,262.3121795654297
2025-07-08 00:00:00-04:00,286.5777506799395,287.0037716436535,277.7011499441943,280.1481628417969,15440900,0.0,0.0,275.68126220703124,263.09112030029297
2025-07-09 00:00:00-04:00,284.50723352964,284.52706674085863,279.8509941598734,280.524658203125,11273800,0.0,0.0,276.55797271728517,263.8990844726562
2025-07-10 00:00:00-04:00,280.3661135119623,285.6266908203048,280.3661135119623,285.5078125,8410900,0.0,0.0,277.59214782714844,264.81321899414064
2025-07-11 00:00:00-04:00,282.86266052650467,284.70536526736765,281.0100694142449,284.190185546875,7384700,0.0,0.0,278.5826248168945,265.67339477539065
2025-07-14 00:00:00-04:00,284.39822720712635,286.60745309571854,282.6050754191309,286.0130615234375,9079900,0.0,0.0,279.6598098754883,266.57002807617187
2025-07-15 00:00:00-04:00,285.3196042033426,289.23285392385833,282.82306855064246,283.8830871582031,12526100,0.0,0.0,280.79268341064454,267.3792999267578
2025-07-16 00:00:00-04:00,285.7158562387447,288.0241878683028,280.3760366699049,283.1598815917969,9979800,0.0,0.0,281.6227005004883,268.0632879638672
2025-07-17 00:00:00-04:00,280.8020357673763,287.5981754634707,280.8020357673763,287.201904296875,8509500,0.0,0.0,282.6962265014648,268.8271304321289
2025-07-18 00:00:00-04:00,286.825430293332,289.7777063567027,285.54745807447995,288.55914306640625,12217000,0.0,0.0,283.61873626708984,269.6833871459961
2025-07-21 00:00:00-04:00,288.291651952566,291.44204831578946,287.8755476057488,288.2619323730469,7898100,0.0,0.0,284.47511596679686,270.5309390258789
2025-07-22 00:00:00-04:00,288.7870071326712,290.89718804274116,286.4885921354602,288.7176513671875,6717500,0.0,0.0,285.19308013916014,271.3071517944336
2025-07-23 00:00:00-04:00,290.1145172431339,294.2258869019811,289.8272078248217,293.998046875,7083500,0.0,0.0,286.02766571044924,272.1966632080078
2025-07-24 00:00:00-04:00,294.6519062776982,296.80169301766455,293.443259686642,293.78997802734375,7001200,0.0,0.0,286.7138153076172,272.94457275390624
2025-07-25 00:00:00-04:00,293.93864551661835,296.1181521271809,293.20551208711413,295.84075927734375,5918500,0.0,0.0,287.2712997436523,273.67512939453127
2025-07-28 00:00:00-04:00,294.8896814285751,296.64319715105114,294.05750293823644,295.50390625,5840400,0.0,0.0,287.89279022216795,274.3470886230469
2025-07-29 00:00:00-04:00,297.20789441970317,298.485896831102,293.44327318380715,294.27545166015625,7635700,0.0,0.0,288.31482391357423,274.9579998779297
2025-07-30 00:00:00-04:00,294.65191611543503,297.8121988713861,294.6122799312847,296.8413391113281,8061700,0.0,0.0,288.8405044555664,275.61884826660156
2025-07-31 00:00:00-04:00,296.3559134765009,298.17878493737805,292.7497765059144,293.4828796386719,14749700,0.0,0.0,289.1198791503906,276.2653741455078
2025-08-01 00:00:00-04:00,287.6972620199026,289.0842262737886,281.5945890692511,286.6768493652344,12007100,0.0,0.0,288.79146575927734,276.7600036621094
2025-08-04 00:00:00-04:00,287.5585597880286,291.5807709484115,287.5585597880286,291.5213317871094,6649500,0.0,0.0,288.9049011230469,277.4430187988281
2025-08-05 00:00:00-04:00,291.9473110106125,293.03707931410463,284.56663635989554,288.658203125,7182300,0.0,0.0,289.33040313720704,278.07606689453127
2025-08-06 00:00:00-04:00,289.5795373797788,290.5603439597299,287.4594701868467,288.6383972167969,6330200,0.0,0.0,289.7360900878906,278.70793090820314
2025-08-07 00:00:00-04:00,290.21359744338497,290.72874689730406,283.7443736390337,284.2694396972656,8057100,0.0,0.0,289.6741714477539,279.1621026611328
2025-08-08 00:00:00-04:00,286.2904939677283,288.51955337300967,282.0602152135648,286.0725402832031,6634100,0.0,0.0,289.76828918457034,279.6878302001953
2025-08-11 00:00:00-04:00,286.7065672685148,288.6087112580965,286.0923424049315,286.8650817871094,5510100,0.0,0.0,289.8108901977539,280.2120568847656
2025-08-12 00:00:00-04:00,288.78700908878795,292.00676133420325,287.6378015823982,290.12445068359375,8570900,0.0,0.0,290.1229583740234,280.8087664794922
2025-08-13 00:00:00-04:00,291.2142024521843,291.80859403066296,284.4873889092739,287.8260192871094,8420400,0.0,0.0,290.35626525878905,281.3464923095703
2025-08-14 00:00:00-04:00,287.87557367248905,291.46190791598,286.9443500187198,291.4222717285156,6322400,0.0,0.0,290.5672836303711,281.92439636230466
2025-08-15 00:00:00-04:00,292.0959281808534,292.7497892060912,287.1226600740198,287.7864074707031,7340500,0.0,0.0,290.5286468505859,282.4700073242187
2025-08-18 00:00:00-04:00,287.30098279519575,289.1832935323159,285.7257844830691,288.8167419433594,5386900,0.0,0.0,290.55638732910154,283.080986328125
2025-08-19 00:00:00-04:00,288.12323486532705,289.7579025190641,286.83534604543564,287.954833984375,6031500,0.0,0.0,290.51824645996095,283.6001898193359
2025-08-20 00:00:00-04:00,288.1034273576763,290.59996282013503,284.59636569119436,289.5201110839844,7374200,0.0,0.0,290.29434967041016,284.1307830810547
2025-08-21 00:00:00-04:00,289.2229206266122,290.04518252461884,286.77590767522184,288.7572937011719,6624000,0.0,0.0,290.04271545410154,284.60944274902346
2025-08-22 00:00:00-04:00,290.4711947382056,294.3943304858857,287.42976002403793,293.4828796386719,8552800,0.0,0.0,289.924821472168,285.1914874267578
2025-08-25 00:00:00-04:00,293.4828900064588,294.58257497799383,291.4024588552954,292.1553649902344,5856300,0.0,0.0,289.7573944091797,285.7452075195313
2025-08-26 00:00:00-04:00,291.42226929827126,295.9596301346493,290.7684082615478,295.7912292480469,6714700,0.0,0.0,289.8331832885742,286.43651977539065
2025-08-27 00:00:00-04:00,294.48349281779485,298.2679473154416,294.2754557542009,296.4945983886719,6056500,0.0,0.0,289.8158462524414,287.0352209472656
2025-08-28 00:00:00-04:00,297.22769856125745,298.4363452126477,295.9200067981791,298.2679443359375,6410500,0.0,0.0,290.0550994873047,287.6859521484375
2025-08-29 00:00:00-04:00,299.2289404362671,300.13047474928055,296.94044188536884,298.6147155761719,6796400,0.0,0.0,290.65199279785156,288.2560675048828
2025-09-02 00:00:00-04:00,297.4654912302876,297.6636116910732,291.75908984916356,296.91070556640625,7221900,0.0,0.0,290.9214614868164,288.7715948486328
2025-09-03 00:00:00-04:00,297.77260531660534,297.77260531660534,293.62159918539595,296.72247314453125,6316900,0.0,0.0,291.32467498779295,289.218876953125
2025-09-04 00:00:00-04:00,297.2079158871201,301.5966788556673,295.50392262669186,300.99237060546875,6605800,0.0,0.0,291.94237365722654,289.69259765625
2025-09-05 00:00:00-04:00,300.82394206718743,302.3099816593852,291.5708725011291,291.6402282714844,9837700,0.0,0.0,292.3109130859375,289.9240625
2025-09-08 00:00:00-04:00,292.14548200845184,293.70084708741166,288.72757896293916,290.18389892578125,8188500,0.0,0.0,292.51648101806643,290.03391906738284
2025-09-09 00:00:00-04:00,289.8767732101451,296.21720226202,289.58946377934626,295.0779113769531,7848200,0.0,0.0,292.92712249755857,290.2739953613281
2025-09-10 00:00:00-04:00,293.93863182647567,298.73358242665296,292.6507127572817,297.7428894042969,7787300,0.0,0.0,293.30804443359375,290.51215759277346
2025-09-11 00:00:00-04:00,298.43635491424595,302.88458712159553,297.99056119650595,302.7161560058594,7942500,0.0,0.0,294.05255126953125,290.8399261474609
2025-09-12 00:00:00-04:00,302.1613616302637,304.6876166586702,300.8734728380468,304.0535888671875,6846700,0.0,0.0,294.68411712646486,291.16309020996096
2025-09-15 00:00:00-04:00,304.31117542875756,307.0653006989229,304.31117542875756,306.0250549316406,7122000,0.0,0.0,295.5960494995117,291.41868896484374
2025-09-16 00:00:00-04:00,307.1148062613988,308.00642384577054,304.27152240854014,306.3123474121094,10525600,0.0,0.0,296.47082977294923,291.75988342285154
2025-09-17 00:00:00-04:00,307.50121329837117,309.99774876224666,305.89626524993236,308.8485412597656,8657800,0.0,0.0,297.51551513671876,292.3338909912109
2025-09-18 00:00:00-04:00,308.8881884357977,310.5228258893637,306.7284546518725,310.3147888183594,8050700,0.0,0.0,298.5552490234375,292.9296936035156
2025-09-19 00:00:00-04:00,310.6813313111796,312.8608377743073,306.2430157804659,311.850341796875,23568600,0.0,0.0,299.7099014282227,293.4565441894531
2025-09-22 00:00:00-04:00,306.91666061932966,310.78038727091956,306.6789039885423,309.5321044921875,7520200,0.0,0.0,300.5123626708984,293.96338256835935
2025-09-23 00:00:00-04:00,308.9178945679837,313.3660964063979,307.68941470486936,309.8293151855469,8584400,0.0,0.0,301.39606018066405,294.43970764160156
2025-09-24 00:00:00-04:00,311.12713244988527,313.633584594132,308.76930844625,310.5030212402344,7310500,0.0,0.0,302.13164978027345,294.9721063232422
2025-09-25 00:00:00-04:00,311.1964927670822,312.7122519083539,308.8980776591185,310.5327453613281,7083200,0.0,0.0,302.83355712890625,295.5195635986328
2025-09-26 00:00:00-04:00,311.9692007646792,314.8521208481549,310.7803873767882,313.118408203125,7258100,0.0,0.0,303.5760803222656,296.0378936767578
2025-09-29 00:00:00-04:00,314.1091367340854,315.0503072271631,310.74078640307744,312.75189208984375,6462400,0.0,0.0,304.2829391479492,296.52174865722657
2025-09-30 00:00:00-04:00,313.3066687483855,314.45587628391564,307.22379907069933,312.4942932128906,11823300,0.0,0.0,305.06211853027344,297.00639587402344
2025-10-01 00:00:00-04:00,311.04790640850786,311.66213127851097,304.5489622459693,307.8182373046875,9235200,0.0,0.0,305.6169067382813,297.38840759277343
2025-10-02 00:00:00-04:00,307.11483202977473,307.66961769475733,303.29077153660535,304.6876220703125,7600000,0.0,0.0,305.8016693115234,297.60219909667967
2025-10-03 00:00:00-04:00,305.6387192319075,308.7593962590199,305.3414931799835,307.1445617675781,6029900,0.0,0.0,306.57688598632814,297.8692907714844
2025-10-06 00:00:00-04:00,308.78713549615594,310.3500927332471,303.759824574425,307.7916259765625,7214500,1.5,0.0,307.4572723388672,298.1083081054687
2025-10-07 00:00:00-04:00,307.96086849994276,308.617908412618,303.3317554221121,306.3083190917969,8454200,0.0,0.0,308.0187927246094,298.3243963623047
2025-10-08 00:00:00-04:00,306.82598699255016,307.3934347220047,302.1869088878288,302.6647644042969,6489900,0.0,0.0,308.2648864746094,298.4921826171875
2025-10-09 00:00:00-04:00,303.68016451672463,306.65675861669814,302.0276454614978,304.15802001953125,7060300,0.0,0.0,308.336979675293,298.6385162353516
2025-10-10 00:00:00-04:00,304.28744895257694,309.07584739868366,299.45922161840923,299.53887939453125,8597400,0.0,0.0,308.11124420166016,298.75963623046874
2025-10-13 00:00:00-04:00,304.2277139599526,308.0703661064548,304.0783936087615,306.5870666503906,10788700,0.0,0.0,308.1393447875977,299.15784057617185
2025-10-14 00:00:00-04:00,304.46663636257074,305.62143108333873,292.8888554642275,300.7235107421875,16178800,0.0,0.0,307.8599029541016,299.3418841552734
2025-10-15 00:00:00-04:00,305.014160038565,310.71840983834574,304.0684138931284,304.3172912597656,11354800,0.0,0.0,307.6333404541016,299.6550659179687
2025-10-16 00:00:00-04:00,303.97881882847634,307.29385195347595,295.73600173818085,297.19940185546875,10549400,0.0,0.0,306.97757110595705,299.8262860107422
2025-10-17 00:00:00-04:00,297.8166372560658,298.2048701782948,292.878918450451,296.22381591796875,10153500,0.0,0.0,306.19624481201174,300.06537353515625
2025-10-20 00:00:00-04:00,297.15957582421487,302.3262723870789,296.8211062511852,301.0022277832031,6894900,0.0,0.0,305.7697509765625,300.36396728515626
2025-10-21 00:00:00-04:00,300.3054062195614,302.6846581805869,295.66632819879106,295.75592041015625,7372700,0.0,0.0,305.06608123779296,300.5417840576172
2025-10-22 00:00:00-04:00,296.43284443493457,296.7215506882625,289.2353303984808,292.7892761230469,8054100,0.0,0.0,304.1803939819336,300.59508056640624
2025-10-23 00:00:00-04:00,293.05809154328034,295.0391457269973,291.1964936387067,293.2173767089844,5438800,0.0,0.0,303.3146255493164,300.7029077148438
2025-10-24 00:00:00-04:00,294.7504440610291,301.24118554737896,294.1232985857486,299.09088134765625,7228300,0.0,0.0,302.61324920654295,300.85627990722656
2025-10-27 00:00:00-04:00,300.80315600970596,303.1625086782835,299.6583261537955,302.7842102050781,5642200,0.0,0.0,302.1148651123047,301.15623596191404
2025-10-28 00:00:00-04:00,303.4910147760203,306.58706515142967,301.7986668365627,303.98876953125,6336000,0.0,0.0,301.68958892822263,301.45967651367187
2025-10-29 00:00:00-04:00,302.14710352264194,306.86580891607514,301.64934876365396,304.13812255859375,7520300,0.0,0.0,301.50558319091795,301.78334228515627
2025-10-30 00:00:00-04:00,304.41687231061707,311.20622431916547,303.72996829403695,308.05047607421875,7514600,0.0,0.0,301.6737258911133,302.1539495849609
2025-10-31 00:00:00-04:00,307.1544993342095,311.46504195719143,305.8702836157328,309.722900390625,7721300,0.0,0.0,301.8026428222656,302.57326171875
2025-11-03 00:00:00-05:00,309.60346109874524,310.9175409580823,304.83496198556077,307.96087646484375,7770000,0.0,0.0,301.8111053466797,302.8628216552734
2025-11-04 00:00:00-05:00,305.332725363194,310.8179927016808,303.7299695714597,307.861328125,7085200,0.0,0.0,301.88875579833984,303.17694091796875
2025-11-05 00:00:00-05:00,308.2196835392686,311.6940323736288,304.2575751493287,310.2803955078125,6865200,0.0,0.0,302.2695373535156,303.46672424316404
2025-11-06 00:00:00-05:00,309.59349256305353,313.42621024981315,308.8667900648387,312.0126037597656,7206100,0.0,0.0,302.66226654052736,303.77708435058594
2025-11-07 00:00:00-05:00,310.4894827215045,313.0180550604519,306.2585672077333,312.7990417480469,7302300,0.0,0.0,303.3252746582031,304.0677062988281
2025-11-10 00:00:00-05:00,313.58548301728496,318.1250037695683,312.7990220295163,315.4670104980469,5794100,0.0,0.0,303.76927185058594,304.4047521972656
2025-11-11 00:00:00-05:00,316.0742604403922,317.617287984815,313.86422817579216,314.20269775390625,5030200,0.0,0.0,304.4432312011719,304.75059204101564
2025-11-12 00:00:00-05:00,314.8398332015723,320.8029251766445,314.7900394999871,318.97119140625,10578300,0.0,0.0,305.1759262084961,305.19556640625
2025-11-13 00:00:00-05:00,317.7965194699941,319.1902267414606,307.7120030298724,308.0903015136719,8973300,0.0,0.0,305.72047119140626,305.33752502441405
2025-11-14 00:00:00-05:00,306.1291237470128,306.25854483769064,299.8773255538296,302.2466125488281,10327000,0.0,0.0,306.02161102294923,305.5496527099609
2025-11-17 00:00:00-05:00,302.6348834912671,304.2177399270206,296.3333218175865,299.02117919921875,8344000,0.0,0.0,305.92255859375,305.72639831542966
2025-11-18 00:00:00-05:00,298.15508292828906,301.5896027135679,295.686208533325,298.06549072265625,8077300,0.0,0.0,306.038037109375,305.78614990234377
2025-11-19 00:00:00-05:00,298.3939949218268,303.0828663383219,297.9261042618115,301.90814208984375,5546600,0.0,0.0,306.49398040771484,305.8694549560547
2025-11-20 00:00:00-05:00,304.9643777592117,308.52831879604355,296.8211173091691,297.0401306152344,7501600,0.0,0.0,306.6851181030273,305.7559344482422
2025-11-21 00:00:00-05:00,299.93706770739834,300.32530061703676,291.4951361556371,296.6817321777344,11766800,0.0,0.0,306.5646606445313,305.60849731445313
2025-11-24 00:00:00-05:00,296.9007472780177,298.4736693208262,293.18751624004057,296.6618347167969,10940200,0.0,0.0,306.2585418701172,305.4212329101563
2025-11-25 00:00:00-05:00,298.70260864804214,303.13263800592705,294.23278078476807,301.6393737792969,8877200,0.0,0.0,306.14107208251954,305.3277734375
2025-11-26 00:00:00-05:00,303.6303853642607,307.1445325435829,301.83848048809654,306.258544921875,7910900,0.0,0.0,306.2470932006836,305.2759735107422
2025-11-28 00:00:00-05:00,307.71199439271356,312.31124344972676,306.85584041963983,311.6741027832031,4322400,0.0,0.0,306.4282745361328,305.30315979003905
2025-12-01 00:00:00-05:00,311.5447084439427,312.6298101472411,307.1545079277028,307.5328063964844,7727300,0.0,0.0,306.31876983642576,305.21680908203126
2025-12-02 00:00:00-05:00,307.3535906208714,309.0857977944923,305.7110060363412,306.4974670410156,7249000,0.0,0.0,306.2455993652344,305.1561163330078
2025-12-03 00:00:00-05:00,305.8205388774128,310.9573413023751,305.4223107621409,310.7283935546875,8535300,0.0,0.0,306.3889526367187,305.1740979003906
2025-12-04 00:00:00-05:00,311.8533290542866,317.0598245188333,311.594486851423,314.6805725097656,9627800,0.0,0.0,306.6089614868164,305.25764892578127
2025-12-05 00:00:00-05:00,314.22264749671507,317.0498909600222,313.26693645912985,313.6253356933594,6518900,0.0,0.0,306.6895980834961,305.3195007324219
2025-12-08 00:00:00-05:00,313.64523530818684,315.04890741449873,311.9429224901236,313.7945556640625,7417200,0.0,0.0,306.7393737792969,305.3330236816406
2025-12-09 00:00:00-05:00,313.53574377586375,317.36843122488773,298.6727631596137,299.16058349609375,18049200,0.0,0.0,305.9240524291992,305.06119750976563
2025-12-10 00:00:00-05:00,299.1506059920777,309.79260502170655,297.1197580970947,308.7174377441406,18874100,0.0,0.0,305.64978942871096,304.9856604003906
2025-12-11 00:00:00-05:00,307.85134172095206,316.57201448320507,307.85134172095206,315.9548034667969,9721900,0.0,0.0,305.4989700317383,305.1483917236328
2025-12-12 00:00:00-05:00,318.2444858866232,318.8318328758901,315.1783298378069,317.0896911621094,8982900,0.0,0.0,305.94893951416014,305.39643310546876
2025-12-15 00:00:00-05:00,318.15488497356307,321.43011981246894,316.9602917736724,318.58294677734375,10864100,0.0,0.0,306.76575622558596,305.62520080566406
2025-12-16 00:00:00-05:00,317.65713843404893,318.0852002489096,312.9881962174831,314.1330261230469,8331300,0.0,0.0,307.52134857177737,305.75202880859376
2025-12-17 00:00:00-05:00,317.0000717018951,317.93585302959536,313.247011955208,313.5655822753906,8718700,0.0,0.0,308.2963531494141,305.8971740722656
2025-12-18 00:00:00-05:00,314.5810110073882,316.2733893580616,310.8179862048632,311.594482421875,11444900,0.0,0.0,308.7806701660156,306.07576843261717
2025-12-19 00:00:00-05:00,312.38092757719465,317.12949684979,311.7836158143462,315.7855529785156,24494400,0.0,0.0,309.7179412841797,306.3083190917969
2025-12-22 00:00:00-05:00,316.0842305232393,321.778546068669,316.0842305232393,321.63916015625,8354600,0.0,0.0,310.96581268310547,306.75032470703127
2025-12-23 00:00:00-05:00,322.15681084289565,326.3080987754714,321.63915684610726,324.4664001464844,6668300,0.0,0.0,312.35604095458984,307.1079113769531
2025-12-24 00:00:00-05:00,324.7749981915486,328.5081586858931,324.0383309091034,327.6918640136719,4289300,0.0,0.0,313.6586654663086,307.6472784423828
2025-12-26 00:00:00-05:00,327.6321237138718,329.3742653747722,325.0736873353596,326.4375305175781,4158300,0.0,0.0,314.66761474609376,308.08968322753907
2025-12-29 00:00:00-05:00,325.5316095182794,326.29814090339255,322.077190306029,322.29620361328125,8635300,0.0,0.0,315.19871978759767,308.5916192626953
2025-12-30 00:00:00-05:00,323.35145488056963,323.48087598310644,321.0418654305578,321.96771240234375,7904300,0.0,0.0,315.92046508789065,309.1064971923828
2025-12-31 00:00:00-05:00,322.8835465614906,323.42113019633854,320.59388687095947,320.7730712890625,5048500,0.0,0.0,316.63424530029295,309.5019140625
2026-01-02 00:00:00-05:00,321.0518034652283,324.2673099842148,319.2996970795839,324.0184326171875,8054000,0.0,0.0,317.29874725341796,310.0671643066406
2026-01-05 00:00:00-05:00,324.03834873814424,335.7355855973553,323.7297432174082,332.5400085449219,10752600,0.0,0.0,318.1917190551758,310.86217895507815
2026-01-06 00:00:00-05:00,332.6199951171875,335.8699951171875,330.6499938964844,334.6099853515625,7660800,1.5,0.0,319.24095153808594,311.6900311279297
2026-01-07 00:00:00-05:00,331.1400146484375,332.1499938964844,324.6000061035156,326.989990234375,9815200,0.0,0.0,319.9007232666016,312.2480133056641
2026-01-08 00:00:00-05:00,326.3900146484375,331.3999938964844,325.6499938964844,329.7900085449219,11737100,0.0,0.0,321.432194519043,312.78812927246094
2026-01-09 00:00:00-05:00,329.3399963378906,331.8999938964844,328.1700134277344,329.19000244140625,6738100,0.0,0.0,322.45582275390626,313.2921539306641
2026-01-12 00:00:00-05:00,321.8800048828125,326.0199890136719,321.2300109863281,324.489990234375,12805100,0.0,0.0,322.88258209228513,313.6991912841797
2026-01-13 00:00:00-05:00,324.29998779296875,326.8599853515625,310.57000732421875,310.8999938964844,19371200,0.0,0.0,322.5730972290039,313.756181640625
2026-01-14 00:00:00-05:00,308.20001220703125,311.760009765625,306.1199951171875,307.8699951171875,25951500,0.0,0.0,322.0374496459961,313.71912353515626
2026-01-15 00:00:00-05:00,308.4700012207031,312.94000244140625,307.75,309.260009765625,14751400,0.0,0.0,321.793798828125,313.7451062011719
2026-01-16 00:00:00-05:00,310.3500061035156,317.2099914550781,310.0,312.4700012207031,14652500,0.0,0.0,321.7390197753906,313.83727966308595
2026-01-20 00:00:00-05:00,306.2099914550781,311.1499938964844,301.8599853515625,302.739990234375,12900600,0.0,0.0,321.2962951660156,313.6864715576172
2026-01-21 00:00:00-05:00,303.42999267578125,305.3999938964844,301.1499938964844,302.0400085449219,10270100,0.0,0.0,320.60901794433596,313.4870196533203
2026-01-22 00:00:00-05:00,304.8599853515625,308.20001220703125,302.8999938964844,303.6300048828125,10535800,0.0,0.0,319.70856018066405,313.30363891601564
2026-01-23 00:00:00-05:00,302.0,302.3699951171875,296.510009765625,297.7200012207031,11107900,0.0,0.0,318.371240234375,312.9486987304688
2026-01-26 00:00:00-05:00,297.80999755859375,301.7799987792969,297.45001220703125,301.0400085449219,11752700,0.0,0.0,317.0386474609375,312.68544494628907
2026-01-27 00:00:00-05:00,301.3299865722656,301.9700012207031,298.1499938964844,300.30999755859375,11527400,0.0,0.0,315.7322708129883,312.3122210693359
2026-01-28 00:00:00-05:00,300.2699890136719,301.9200134277344,298.04998779296875,300.7699890136719,9556700,0.0,0.0,314.6559600830078,312.16581481933594
2026-01-29 00:00:00-05:00,302.3999938964844,306.8299865722656,302.2200012207031,306.4200134277344,11580000,0.0,0.0,313.87857513427736,312.24928283691406
2026-01-30 00:00:00-05:00,305.25,307.92999267578125,302.55999755859375,305.8900146484375,11953200,0.0,0.0,313.1344223022461,312.38665954589845
2026-02-02 00:00:00-05:00,304.4599914550781,309.29998779296875,301.3699951171875,308.1400146484375,9839400,0.0,0.0,312.3405014038086,312.58815002441406
2026-02-03 00:00:00-05:00,309.7300109863281,316.25,309.1000061035156,314.8500061035156,12688000,0.0,0.0,311.4560012817383,312.8469873046875
2026-02-04 00:00:00-05:00,314.4100036621094,319.30999755859375,314.4100036621094,317.2699890136719,9848800,0.0,0.0,310.58900146484376,313.25158447265625
2026-02-05 00:00:00-05:00,315.0,316.010009765625,305.5400085449219,310.1600036621094,9388000,0.0,0.0,309.7475021362305,313.5211499023437
2026-02-06 00:00:00-05:00,314.7099914550781,324.25,314.7099914550781,322.3999938964844,17797400,0.0,0.0,309.3780014038086,314.0359130859375
2026-02-09 00:00:00-05:00,321.3399963378906,326.3999938964844,320.1099853515625,322.1000061035156,11477500,0.0,0.0,309.02350158691405,314.4451257324219
2026-02-10 00:00:00-05:00,322.54998779296875,326.1300048828125,315.1199951171875,318.2799987792969,9902200,0.0,0.0,308.71300201416017,314.6855548095703
2026-02-11 00:00:00-05:00,323.239990234375,325.2799987792969,308.7300109863281,310.82000732421875,8703500,0.0,0.0,308.70900268554686,314.6684729003906
2026-02-12 00:00:00-05:00,312.2799987792969,313.6199951171875,300.0199890136719,302.6400146484375,13443400,0.0,0.0,308.4475036621094,314.5706170654297
2026-02-13 00:00:00-05:00,298.5199890136719,304.2900085449219,296.5199890136719,302.54998779296875,9111600,0.0,0.0,308.11200256347655,314.4916674804688
