Date,Chevron,ConocoPhillips,ExxonMobil,Shell,BP,Halliburton,Baker Hughes,Maersk,Hapag-Lloyd
2024-01-02,136.95730590820312,110.56178283691406,94.84711456298828,60.77912139892578,31.719985961914062,34.350189208984375,32.382835388183594,7.988892078399658,69.835205078125
2024-01-03,139.5685577392578,112.76192474365234,95.64400482177734,61.71971130371094,32.16674041748047,34.77814483642578,32.373294830322266,8.306441307067871,73.44598388671875
2024-01-04,138.0384521484375,109.51811981201172,94.81006622314453,61.19408416748047,31.952295303344727,34.026851654052734,31.73385238647461,8.632349014282227,82.99449920654297
2024-01-05,137.80023193359375,109.56514739990234,95.09730529785156,60.613136291503906,32.193546295166016,34.20753860473633,31.896095275878906,8.53207015991211,83.79689025878906
2024-01-08,136.9756317138672,107.65646362304688,93.51280975341797,59.58954620361328,31.657432556152344,33.484779357910156,30.960783004760742,8.122597694396973,75.95659637451172
2024-01-09,133.4939727783203,106.02046966552734,92.35456085205078,58.925594329833984,31.174938201904297,32.81907653808594,30.17817497253418,8.06410026550293,75.65614318847656
2024-01-10,132.39451599121094,104.53489685058594,91.44647216796875,58.16020584106445,31.005168914794922,32.400634765625,29.805957794189453,7.972179412841797,74.97053527832031
2024-01-11,133.10916137695312,104.36565399169922,91.4279556274414,58.28009033203125,30.924745559692383,32.51475143432617,29.748693466186523,8.055745124816895,79.90972900390625
2024-01-12,134.9324493408203,105.02381896972656,92.61399841308594,58.833377838134766,31.14812660217285,32.790550231933594,30.082733154296875,7.99724817276001,78.32276916503906
2024-01-16,131.65237426757812,102.1467056274414,90.51988220214844,56.952186584472656,30.629884719848633,31.868072509765625,29.271493911743164,8.089171409606934,79.15191650390625
2024-01-17,131.13011169433594,101.14065551757812,89.86199951171875,56.288238525390625,30.290353775024414,31.611309051513672,29.386024475097656,8.323155403137207,76.2142562866211
2024-01-18,129.93902587890625,100.53890228271484,89.6952133178711,56.574100494384766,30.40650749206543,31.67787742614746,29.462373733520508,8.247946739196777,75.48764038085938
2024-01-19,130.32383728027344,101.42273712158203,89.83419036865234,56.352787017822266,30.24567413330078,32.3055419921875,29.300125122070312,7.922038555145264,74.79222869873047
2024-01-22,130.55291748046875,101.60137939453125,89.71373748779297,56.41733932495117,30.603084564208984,32.74300003051758,29.567359924316406,7.980536460876465,74.32416534423828
2024-01-23,130.18638610839844,101.53555297851562,90.72374725341797,56.389671325683594,30.603084564208984,33.570369720458984,30.092281341552734,8.080814361572266,74.64067077636719
2024-01-24,132.77931213378906,103.11512756347656,92.28968811035156,56.67554473876953,30.88007354736328,35.02540588378906,28.67022132873535,7.905326843261719,74.64067077636719
2024-01-25,136.12351989746094,105.35289001464844,94.63399505615234,57.62535858154297,31.407245635986328,35.18707275390625,28.918367385864258,7.972179412841797,73.94525909423828
2024-01-26,136.64581298828125,105.52214050292969,95.44013977050781,58.252418518066406,31.836139678955078,35.69110107421875,29.090158462524414,7.721480846405029,74.49801635742188
2024-01-29,136.5908203125,104.92979431152344,95.56060028076172,58.47373962402344,31.836139678955078,35.367759704589844,28.632043838500977,7.587776184082031,75.80414581298828
2024-01-30,137.54368591308594,107.23336791992188,97.15436553955078,58.9163703918457,32.06844711303711,35.00638198852539,28.00214195251465,7.671342372894287,68.11985778808594
2024-01-31,135.07904052734375,105.18366241455078,95.26408386230469,58.01266098022461,31.36256980895996,33.90322494506836,27.200441360473633,7.671342372894287,68.11985778808594
2024-02-01,135.50050354003906,104.72293853759766,94.87492370605469,59.09158706665039,31.389379501342773,33.69400405883789,27.324514389038086,7.520923614501953,66.07107543945312
2024-02-02,139.486083984375,104.01777648925781,94.4857406616211,58.37229919433594,30.951555252075195,33.066341400146484,27.66809844970703,7.395574569702148,65.35961151123047
2024-02-05,139.5685577392578,103.397216796875,94.09657287597656,58.07721710205078,30.594144821166992,32.83810043334961,27.48676300048828,7.512567043304443,68.96147918701172
2024-02-06,139.5868682861328,104.85456848144531,94.74518585205078,58.6950569152832,32.51521301269531,33.11388397216797,28.049861907958984,7.704768180847168,68.46043395996094
2024-02-07,139.38531494140625,105.60675811767578,94.71739959716797,58.612064361572266,32.31863784790039,33.03780746459961,27.792171478271484,7.788333415985107,68.36235809326172
2024-02-08,141.15359497070312,107.09231567382812,96.33895111083984,58.612064361572266,32.35437774658203,33.313594818115234,27.983051300048828,6.618412971496582,61.64630126953125
2024-02-09,138.38661193847656,104.5160903930664,94.30043029785156,58.77804946899414,32.48841094970703,32.81907653808594,27.734907150268555,6.568273067474365,61.952110290527344
2024-02-12,139.3394775390625,104.45967864990234,95.59767150878906,59.156131744384766,32.55095672607422,32.83810043334961,28.359779357910156,6.5599164962768555,64.19168090820312
2024-02-13,137.98348999023438,103.20916748046875,94.774658203125,58.48296356201172,32.202484130859375,32.39112854003906,27.88872528076172,6.442924499511719,64.19168090820312
2024-02-14,138.359130859375,103.53824615478516,94.30706787109375,58.492183685302734,31.952295303344727,32.52427291870117,27.734907150268555,6.484707355499268,62.511112213134766
2024-02-15,143.0643310546875,105.11016845703125,97.00985717773438,59.27342224121094,32.211002349853516,33.60841369628906,28.071380615234375,6.568273067474365,63.692420959472656
2024-02-16,143.2218017578125,104.70298767089844,97.00985717773438,59.264095306396484,32.06626892089844,33.57987976074219,28.023311614990234,6.309218883514404,62.97025680541992
2024-02-20,142.63829040527344,103.72764587402344,96.09332275390625,59.31071090698242,32.00295639038086,33.40870666503906,27.92717742919922,6.292506217956543,64.75336456298828
2024-02-21,143.9720458984375,106.88094329833984,98.0572738647461,60.01922607421875,32.29240798950195,33.40870666503906,28.20596694946289,6.250723361968994,64.63746643066406
2024-02-22,143.9627685546875,106.26542663574219,97.97311401367188,59.786163330078125,32.10245132446289,33.570369720458984,28.071380615234375,6.317575931549072,65.84996795654297
2024-02-23,143.2495880126953,105.59310913085938,97.11271667480469,59.59971237182617,32.00295639038086,33.484779357910156,28.734708786010742,6.117018222808838,65.96587371826172
2024-02-26,143.05508422851562,106.45481872558594,97.49614715576172,59.08696365356445,31.948678970336914,33.19947814941406,28.686643600463867,6.033452033996582,65.15455627441406
2024-02-27,140.93402099609375,105.68780517578125,97.2904052734375,59.10561752319336,32.03913116455078,33.24702453613281,28.57128143310547,6.0167388916015625,65.15455627441406
2024-02-28,141.10072326660156,106.09497833251953,97.5616226196289,58.341156005859375,31.62303924560547,33.23752212524414,28.340557098388672,6.058521747589111,63.74591064453125
2024-02-29,140.79507446289062,106.56844329833984,97.74866485595703,58.57422637939453,31.65017318725586,33.35164260864258,28.446306228637695,5.883033752441406,65.08323669433594
2024-03-01,141.53607177734375,108.1782455444336,98.98313903808594,59.25477981567383,32.238128662109375,33.89371109008789,28.802001953125,5.82453727722168,65.99261474609375
2024-03-04,137.89601135253906,105.7162094116211,97.59902954101562,58.59286117553711,32.26526641845703,33.45624923706055,28.292491912841797,5.80782413482666,65.99261474609375
2024-03-05,138.55361938476562,105.31848907470703,98.79609680175781,58.611507415771484,32.38286590576172,33.61870193481445,29.003887176513672,5.615622520446777,65.08323669433594
2024-03-06,137.38658142089844,106.04764556884766,99.85289001464844,59.52513122558594,32.94367980957031,33.781158447265625,29.378812789916992,5.7242584228515625,64.96733856201172
2024-03-07,138.34986877441406,106.75784301757812,100.41402435302734,59.89803695678711,32.952728271484375,34.5838737487793,29.63838005065918,5.774397850036621,64.96733856201172
2024-03-08,138.82225036621094,107.00404357910156,101.35858917236328,59.96329116821289,32.93463897705078,34.60299301147461,29.41727066040039,5.7660417556762695,66.54537963867188
2024-03-11,140.78582763671875,109.1346664428711,101.95712280273438,59.935333251953125,33.00700378417969,35.033023834228516,30.0902099609375,5.799468040466309,66.54537963867188
2024-03-12,140.6839599609375,108.91685485839844,101.302490234375,60.14043045043945,33.151729583740234,35.119022369384766,30.27286720275879,5.949886322021484,65.22589111328125
2024-03-13,142.536376953125,111.31260681152344,102.43408203125,61.25914001464844,33.75777816772461,34.908790588378906,30.52281951904297,5.857964038848877,66.65237426757812
2024-03-14,144.21287536621094,113.4242935180664,104.24840545654297,61.32439041137695,33.91154861450195,35.940860748291016,30.705474853515625,5.80782413482666,55.677371978759766
2024-03-15,144.07391357421875,113.67049407958984,104.06135559082031,61.39898681640625,33.91154861450195,36.05553436279297,31.07078742980957,5.812241077423096,60.62548065185547
2024-03-18,143.94424438476562,113.87881469726562,105.0246353149414,61.660011291503906,34.18291091918945,36.03642272949219,31.138080596923828,5.70624303817749,59.756221771240234
2024-03-19,145.06495666503906,115.54542541503906,105.76345825195312,61.9676628112793,34.228145599365234,36.762691497802734,31.936004638671875,5.644410133361816,58.75322723388672
2024-03-20,143.14768981933594,115.44127655029297,105.669921875,62.39650344848633,34.273372650146484,36.52378845214844,32.09942626953125,5.847573757171631,59.8676643371582
2024-03-21,143.434814453125,116.95635986328125,106.13752746582031,62.32191848754883,34.128639221191406,36.753135681152344,32.45512771606445,5.856407165527344,59.8676643371582
2024-03-22,143.2495880126953,116.50183868408203,106.13752746582031,62.38718795776367,34.19195556640625,36.68624496459961,32.147499084472656,5.812241077423096,60.384769439697266
2024-03-25,144.92605590820312,119.53203582763672,107.22239685058594,62.85330581665039,34.60805130004883,37.097164154052734,32.003292083740234,5.803408145904541,59.73393249511719
2024-03-26,143.8145751953125,119.30477142333984,106.41809844970703,62.23801803588867,33.983917236328125,36.60979461669922,31.56107521057129,5.662076950073242,62.42195510864258
2024-03-27,144.81488037109375,120.10968017578125,107.52165222167969,62.23801803588867,33.88441848754883,37.10671615600586,31.81102180480957,5.741575717926025,64.60179901123047
2024-03-28,146.10235595703125,120.52632141113281,108.70938110351562,62.49905776977539,34.08341598510742,37.670528411865234,32.205177307128906,5.7327423095703125,65.97479248046875
2024-04-01,147.34347534179688,121.85203552246094,109.41079711914062,63.31944274902344,34.31859588623047,38.15789794921875,32.147499084472656,5.6885762214660645,69.35376739501953
2024-04-02,147.9918212890625,123.73645782470703,111.55243682861328,65.03482818603516,34.9608268737793,38.13878631591797,32.29170227050781,5.70624303817749,67.57066345214844
2024-04-03,148.6031494140625,124.6455307006836,111.57113647460938,65.34246826171875,35.105552673339844,39.02751159667969,32.570491790771484,5.935905456542969,68.18048095703125
2024-04-04,148.834716796875,124.75914001464844,111.96392822265625,65.49163818359375,34.73469161987305,38.845943450927734,32.60894775390625,6.050737380981445,69.45183563232422
2024-04-05,149.67755126953125,126.43524169921875,113.50704956054688,66.461181640625,34.969871520996094,39.409759521484375,32.98387145996094,6.1302361488342285,67.98078155517578
2024-04-08,149.3719024658203,125.39359283447266,112.74016571044922,66.95527648925781,35.196014404296875,39.14218521118164,32.926185607910156,6.050737380981445,67.98078155517578
2024-04-09,150.0480499267578,125.23259735107422,113.329345703125,66.97392272949219,35.539737701416016,39.16130065917969,32.868507385253906,5.997737884521484,69.6301498413086
2024-04-10,150.6686248779297,125.77237701416016,114.28325653076172,67.72905731201172,35.65733337402344,39.285526275634766,32.830055236816406,5.838740825653076,69.6301498413086
2024-04-11,149.94615173339844,125.86705780029297,113.89982604980469,67.7383804321289,35.86537551879883,39.123077392578125,32.676239013671875,6.121402740478516,69.6301498413086
2024-04-12,147.23236083984375,124.23831939697266,112.57183074951172,67.5333023071289,35.675418853759766,37.9094352722168,31.772571563720703,6.006571292877197,70.34339141845703
2024-04-15,145.9634246826172,123.3387451171875,111.92652130126953,67.06715393066406,35.34073257446289,37.36473083496094,31.195762634277344,6.006571292877197,68.77426147460938
2024-04-16,144.75006103515625,122.65693664550781,111.00067138671875,66.24675750732422,34.9427375793457,36.73402404785156,30.859289169311523,5.918239116668701,70.43254852294922
2024-04-17,144.8612060546875,121.52061462402344,110.94454956054688,66.32135009765625,34.70755386352539,36.351776123046875,30.78238296508789,5.997737884521484,71.35083770751953
2024-04-18,145.94488525390625,121.0281982421875,110.84166717529297,66.21879577636719,34.30050277709961,36.9347038269043,30.955429077148438,5.847573757171631,67.98078155517578
2024-04-19,148.19561767578125,122.514892578125,112.11355590820312,67.18834686279297,34.843238830566406,37.34562301635742,31.339963912963867,5.980072021484375,70.02243041992188
2024-04-22,149.9739532470703,122.46755981445312,112.74951171875,67.4866714477539,35.196014404296875,37.0015983581543,31.205373764038086,6.059570789337158,74.54259490966797
2024-04-23,150.83534240722656,122.95048522949219,113.18905639648438,67.84092712402344,35.539737701416016,36.87737274169922,31.724502563476562,6.165568828582764,79.267822265625
2024-04-24,151.50222778320312,122.42020416259766,113.20777893066406,68.17655181884766,35.584964752197266,37.0015983581543,31.407258987426758,6.209734916687012,79.267822265625
2024-04-25,153.0860595703125,123.20616149902344,113.46963500976562,68.30706787109375,35.83823776245117,37.0015983581543,32.01290512084961,6.139069080352783,80.2396011352539
2024-04-26,153.6510467529297,123.32928466796875,110.31794738769531,68.30706787109375,35.70256042480469,36.829586029052734,31.570688247680664,6.4835638999938965,80.68538665771484
2024-04-29,154.05859375,123.3103256225586,111.88911437988281,68.16722869873047,35.70256042480469,37.15449142456055,31.936004638671875,6.571896076202393,80.2396011352539
2024-04-30,149.3719024658203,118.95440673828125,110.60786437988281,66.80611419677734,35.06937026977539,35.80707931518555,31.359189987182617,6.607228755950928,81.45211791992188
2024-05-01,147.85289001464844,117.7423324584961,108.51298522949219,66.14420318603516,34.571868896484375,34.71766662597656,30.657407760620117,6.642561435699463,85.499755859375
2024-05-02,148.87173461914062,115.76322937011719,108.70938110351562,67.22563934326172,34.978912353515625,35.071250915527344,30.695863723754883,6.3952317237854,76.41075897216797
2024-05-03,148.4271697998047,115.74429321289062,108.48493194580078,67.4680404663086,35.00605773925781,35.099918365478516,30.889402389526367,6.359899044036865,73.89099884033203
2024-05-06,150.32591247558594,116.99424743652344,109.18634033203125,67.85025787353516,35.3136100769043,35.28147888183594,30.966821670532227,6.501230239868164,73.89099884033203
2024-05-07,150.6686248779297,116.98478698730469,108.64391326904297,68.02738952636719,33.99295425415039,35.54905319213867,31.102298736572266,6.730893135070801,72.37727355957031
2024-05-08,150.5482177734375,116.53024291992188,108.62521362304688,67.71041107177734,33.947731018066406,35.39615249633789,30.87005043029785,6.854557991027832,72.4900894165039
2024-05-09,153.24349975585938,116.84274291992188,110.76686096191406,68.56810760498047,34.4090576171875,35.81663131713867,31.721641540527344,7.057721138000488,81.32805633544922
2024-05-10,153.5862274169922,116.17566680908203,110.31794738769531,69.0715103149414,34.228145599365234,35.42482376098633,31.29584503173828,7.3138837814331055,84.32261657714844
2024-05-13,152.39138793945312,115.8707046508789,110.27119445800781,69.14610290527344,34.463321685791016,35.68284225463867,31.363582611083984,7.393382549285889,84.32261657714844
2024-05-14,151.5392608642578,115.34658813476562,110.94058227539062,69.04356384277344,34.33668518066406,35.89308166503906,31.57648468017578,7.481714725494385,82.69888305664062
2024-05-15,151.02059936523438,115.02257537841797,111.79854583740234,68.33503723144531,34.15577697753906,35.701961517333984,31.866796493530273,7.4110493659973145,83.67857360839844
2024-05-16,150.7118377685547,114.1935043334961,111.129150390625,67.51439666748047,33.95994567871094,35.81663131713867,31.953889846801758,7.684877872467041,83.67857360839844
2024-05-17,152.19004821777344,115.98506927490234,112.79792785644531,67.68379211425781,34.30768966674805,36.217987060546875,32.37968444824219,7.561213493347168,81.28104400634766
2024-05-20,150.75863647460938,115.20364379882812,111.8833999633789,67.37322235107422,34.097206115722656,36.275325775146484,32.04098892211914,7.508214473724365,81.28104400634766
2024-05-21,149.66400146484375,114.74623107910156,111.11030578613281,67.1944351196289,33.914188385009766,35.9599723815918,31.953889846801758,7.5700459480285645,82.29270935058594
2024-05-22,147.4186248779297,112.6306381225586,108.87583923339844,66.33802032470703,33.45663070678711,34.755889892578125,31.05391502380371,7.428715229034424,81.79815673828125
2024-05-23,146.8292236328125,112.11604309082031,107.01850128173828,66.22509002685547,33.32851028442383,34.38319778442383,30.782955169677734,7.499380588531494,82.73836517333984
2024-05-24,147.5870361328125,111.73486328125,106.93363952636719,66.64859008789062,33.603050231933594,34.5074348449707,31.32487678527832,7.932207107543945,82.73836517333984
2024-05-28,148.79391479492188,113.36442565917969,108.2912826538086,67.51439666748047,34.2253303527832,34.899234771728516,31.363582611083984,8.108871459960938,86.88468933105469
2024-05-29,146.79177856445312,109.82893371582031,107.13162231445312,67.24147033691406,33.969093322753906,34.22074508666992,30.89908218383789,8.200496673583984,87.46762084960938
2024-05-30,148.06417846679688,108.23748779296875,107.47103881835938,67.24147033691406,33.795230865478516,34.36408615112305,31.43132209777832,8.282959938049316,87.46762084960938
2024-05-31,151.84390258789062,111.00106811523438,110.55403900146484,68.4931411743164,34.380897521972656,35.071250915527344,32.3990364074707,8.246310234069824,88.7839126586914
2024-06-03,147.31573486328125,108.51383972167969,107.90473175048828,66.63917541503906,33.310218811035156,33.1982307434082,31.11197853088379,8.548674583435059,92.07463836669922
2024-06-04,146.07138061523438,106.98910522460938,106.22653198242188,65.96158599853516,32.5415153503418,32.366844177246094,30.608766555786133,7.989758491516113,94.20891571044922
2024-06-05,144.9954833984375,106.95098114013672,106.65079498291016,65.69807434082031,32.33103942871094,32.15554428100586,30.724895477294922,8.090546607971191,93.04399871826172
2024-06-06,145.88429260253906,106.92240142822266,107.45217895507812,66.11216735839844,32.440853118896484,32.48209762573242,30.724895477294922,7.980595588684082,92.48833465576172
2024-06-07,146.02462768554688,106.73180389404297,106.30195617675781,65.3592758178711,32.2669792175293,32.731807708740234,30.618444442749023,8.01724624633789,92.48833465576172
2024-06-10,146.64210510253906,107.97066497802734,106.61308288574219,66.47918701171875,32.8709602355957,33.14479446411133,31.39261245727539,8.118033409118652,90.2412338256836
2024-06-11,146.40821838378906,108.28512573242188,105.755126953125,66.14981079101562,32.642173767089844,33.11598587036133,31.199071884155273,7.522467136383057,84.21449279785156
2024-06-12,144.28445434570312,106.91287231445312,104.5860366821289,66.26274108886719,32.5415153503418,33.19282150268555,31.199071884155273,7.623255252838135,84.83503723144531
2024-06-13,142.9933319091797,105.67400360107422,103.7469253540039,65.65103149414062,32.202919006347656,32.4340705871582,30.608766555786133,7.4949798583984375,85.67182159423828
2024-06-14,142.74075317382812,104.24456787109375,102.87012481689453,64.935791015625,31.92838478088379,31.617692947387695,30.086200714111328,7.458329677581787,83.7349853515625
2024-06-17,143.32080078125,104.38751983642578,102.16301727294922,65.07695770263672,32.12970733642578,32.08831787109375,30.995851516723633,7.65074348449707,86.724853515625
2024-06-18,143.45179748535156,104.26363372802734,103.12467956542969,65.4345703125,32.385948181152344,31.63690185546875,31.102298736572266,7.6965556144714355,86.724853515625
2024-06-20,146.5485382080078,106.09333038330078,105.34971618652344,65.90512084960938,32.67878341674805,32.011478424072266,31.905500411987305,7.669068336486816,86.49920654296875
2024-06-21,145.27615356445312,106.10284423828125,104.42576599121094,65.82042694091797,32.49575424194336,32.30921936035156,31.866796493530273,7.458329677581787,85.0888900756836
2024-06-24,149.04652404785156,109.75270080566406,107.52761840820312,67.21324920654297,33.172943115234375,32.98152160644531,33.299015045166016,7.623255252838135,85.0888900756836
2024-06-25,148.2512969970703,109.58116149902344,107.82930755615234,67.33560180664062,33.01737594604492,33.25044631958008,33.72480392456055,7.641580581665039,85.0888900756836
2024-06-26,145.9029998779297,108.26607513427734,107.86703491210938,66.68623352050781,32.68793487548828,32.68378448486328,33.357078552246094,7.815669059753418,85.0888900756836
2024-06-27,146.24916076660156,108.6091537475586,108.32899475097656,67.23207092285156,32.91671371459961,32.2804069519043,33.308685302734375,7.9164581298828125,85.0888900756836
2024-06-28,146.34271240234375,108.9998550415039,108.53642272949219,67.92848205566406,33.035675048828125,32.44367599487305,34.03447341918945,7.89813232421875,85.92567443847656
2024-07-01,146.436279296875,108.98079681396484,108.38556671142578,68.57785034179688,33.33766555786133,32.10752487182617,33.81189727783203,8.44788646697998,85.436767578125
2024-07-02,146.6514434814453,108.75209045410156,107.6501693725586,68.73782348632812,33.639652252197266,32.290008544921875,33.56996536254883,8.310447692871094,85.436767578125
2024-07-03,146.61404418945312,109.37151336669922,108.19700622558594,68.70960235595703,33.83182907104492,32.44367599487305,33.357078552246094,8.6677885055542,89.78993225097656
2024-07-05,144.36865234375,107.25594329833984,106.8864974975586,68.93546295166016,33.905029296875,31.790576934814453,33.11514663696289,8.163846969604492,83.67857360839844
2024-07-08,144.38734436035156,106.95098114013672,105.7645492553711,68.43667602539062,33.44747543334961,31.896221160888672,33.06675720214844,7.724043846130371,83.67857360839844
2024-07-09,143.1243438720703,105.95990753173828,104.59546661376953,68.304931640625,31.846025466918945,31.531259536743164,32.350650787353516,7.779018878936768,82.73836517333984
2024-07-10,145.1358184814453,107.23687744140625,105.51942443847656,68.6343002319336,31.937538146972656,31.7137451171875,32.747413635253906,7.8431572914123535,82.78538513183594
2024-07-11,145.2574462890625,108.62820434570312,106.77336120605469,68.67195892333984,32.074806213378906,32.290008544921875,33.395782470703125,7.421679496765137,82.78538513183594
2024-07-12,145.566162109375,107.81817626953125,106.79222106933594,68.77547454833984,32.202919006347656,32.597347259521484,33.386104583740234,7.183452606201172,76.20391845703125
2024-07-15,147.85833740234375,109.18091583251953,108.62127685546875,68.66253662109375,32.05649948120117,33.8363151550293,34.557037353515625,7.210939884185791,75.32012176513672
2024-07-16,147.60574340820312,109.7717514038086,109.40380859375,68.39903259277344,31.92838478088379,34.537437438964844,35.127986907958984,7.366703510284424,77.5625228881836
2024-07-17,150.84283447265625,110.6198959350586,110.91230010986328,68.96369171142578,32.413394927978516,34.92161560058594,34.99251174926758,7.339216232299805,77.5625228881836
2024-07-18,151.53517150878906,111.12496185302734,112.00596618652344,68.93546295166016,32.5689697265625,34.99844741821289,34.731224060058594,7.311728000640869,79.80491638183594
2024-07-19,148.89682006835938,108.97126007080078,109.43208312988281,67.99435424804688,32.37679672241211,33.039146423339844,34.76993179321289,7.018526077270508,77.92449951171875
2024-07-22,146.87599182128906,107.03675842285156,108.67782592773438,67.95671081542969,32.33103942871094,32.0691032409668,34.50865173339844,7.13763952255249,79.91773986816406
2024-07-23,144.16281127929688,105.6168441772461,106.9242172241211,67.10972595214844,31.983293533325195,32.1651496887207,34.49897766113281,7.0826640129089355,79.91773986816406
2024-07-24,145.0797119140625,105.87413787841797,108.43270874023438,66.98738098144531,31.70876121520996,31.6849308013916,33.773189544677734,7.091826438903809,78.97753143310547
2024-07-25,147.3905487060547,105.80743408203125,110.71431732177734,67.8437728881836,32.19377136230469,32.80864334106445,34.431236267089844,7.073501110076904,78.97753143310547
2024-07-26,147.6712188720703,105.64543151855469,110.62004089355469,67.80614471435547,32.25782775878906,33.039146423339844,36.43440628051758,6.945225238800049,78.97753143310547
2024-07-29,146.5111083984375,103.9872817993164,109.46036529541016,67.6084976196289,31.99244499206543,32.53972244262695,37.22792434692383,7.293403148651123,78.97753143310547
2024-07-30,149.28976440429688,104.7401123046875,111.41200256347656,67.7308578491211,31.85517692565918,32.9431037902832,37.00535583496094,7.256752967834473,80.12458801269531
2024-07-31,150.13180541992188,105.96942901611328,111.8079605102539,68.9072265625,32.385948181152344,33.308074951171875,37.46985626220703,7.540791988372803,80.12458801269531
2024-08-01,142.7875213623047,103.2916030883789,110.26175689697266,68.64371490478516,31.80942153930664,31.92504119873047,36.43440628051758,7.330053329467773,80.12458801269531
2024-08-02,138.97972106933594,100.79484558105469,110.19576263427734,67.45793151855469,31.187145233154297,30.56121253967285,34.586063385009766,7.210939884185791,80.12458801269531
2024-08-05,135.34036254882812,99.65129089355469,108.20642852783203,65.86746978759766,30.189666748046875,29.658401489257812,33.395782470703125,7.210939884185791,81.81696319580078
2024-08-06,134.00247192382812,100.82344055175781,107.6313247680664,65.6133804321289,30.143911361694336,29.706422805786133,33.30815505981445,7.0643391609191895,78.94932556152344
2024-08-07,133.2353057861328,101.90027618408203,109.06439971923828,66.49801635742188,30.244569778442383,29.52393913269043,33.337364196777344,6.826111793518066,78.94932556152344
2024-08-08,135.18128967285156,103.17725372314453,111.14800262451172,67.1473617553711,30.656373977661133,29.99455451965332,34.272056579589844,6.972713470458984,78.97753143310547
2024-08-09,135.6490936279297,103.50126647949219,112.0531005859375,67.6461410522461,30.879194259643555,29.773651123046875,34.14548110961914,7.027688503265381,80.65863037109375
2024-08-12,135.67715454101562,105.61294555664062,112.19453430175781,68.15434265136719,31.241283416748047,30.138620376586914,34.2233772277832,7.155964374542236,80.86735534667969
2024-08-13,134.86318969726562,103.99078369140625,111.11971282958984,68.04141998291016,31.296981811523438,29.860092163085938,33.90207290649414,7.128477096557617,80.86735534667969
2024-08-14,135.34970092773438,104.94104766845703,112.14739227294922,68.62488555908203,31.287700653076172,29.6487979888916,33.833919525146484,7.10098934173584,80.86735534667969
2024-08-15,137.34246826171875,106.76477813720703,112.84117889404297,68.86017608642578,31.677637100219727,30.042577743530273,34.15522384643555,7.10098934173584,77.07831573486328
2024-08-16,137.7821807861328,106.7167739868164,112.30894470214844,69.04827880859375,31.668350219726562,30.138620376586914,34.0189094543457,7.055176258087158,77.07831573486328
2024-08-19,138.9080047607422,107.25428771972656,112.6511001586914,69.22879028320312,31.696203231811523,30.590028762817383,34.23310852050781,7.330053329467773,77.33216857910156
2024-08-20,136.8834686279297,105.44017791748047,108.89700317382812,67.83224487304688,30.990604400634766,29.850486755371094,33.30815505981445,7.229264736175537,77.33216857910156
2024-08-21,137.47946166992188,105.21940612792969,108.20320892333984,67.72772979736328,31.120586395263672,29.975343704223633,33.54182815551758,7.155964374542236,78.50743103027344
2024-08-22,137.86734008789062,105.55535125732422,109.03956604003906,67.87973022460938,31.102014541625977,29.91771697998047,33.70734786987305,7.192614555358887,78.50743103027344
2024-08-23,139.65536499023438,106.92794799804688,110.55070495605469,68.8107681274414,31.668350219726562,30.503589630126953,34.291526794433594,7.183452606201172,79.05744934082031
2024-08-26,140.4878692626953,109.00123596191406,112.91719818115234,69.41877746582031,31.928308486938477,30.609237670898438,34.49599838256836,7.073501110076904,79.05744934082031
2024-08-27,139.02151489257812,107.91658782958984,111.84325408935547,69.01026153564453,31.919025421142578,30.369131088256836,34.4667854309082,7.0643391609191895,79.05744934082031
2024-08-28,138.12277221679688,107.64784240722656,110.74078369140625,68.35475158691406,31.779760360717773,29.773651123046875,34.03837966918945,6.899413108825684,75.67176055908203
2024-08-29,139.46615600585938,109.77871704101562,112.27093505859375,68.8962631225586,32.002586364746094,30.138620376586914,34.330474853515625,6.890250205993652,76.71162414550781
2024-08-30,139.96755981445312,109.22201538085938,112.09036254882812,68.07923889160156,31.529088973999023,29.860092163085938,34.24284744262695,6.780299186706543,75.2166976928711
2024-09-03,136.85507202148438,105.44017791748047,109.74286651611328,65.91316986083984,30.517112731933594,28.669147491455078,33.093955993652344,6.5787224769592285,74.88762664794922
2024-09-04,134.40480041503906,104.20195770263672,108.40280151367188,65.08663940429688,30.09004020690918,28.41800308227539,33.162113189697266,6.752811431884766,74.88762664794922
2024-09-05,133.32630920410156,103.13651275634766,107.55694580078125,64.71613311767578,30.034334182739258,28.079923629760742,33.21078872680664,6.633697986602783,74.88762664794922
2024-09-06,131.0841827392578,101.76390838623047,107.05323028564453,63.56660079956055,29.616546630859375,27.61627197265625,33.04526901245117,6.505422115325928,71.45586395263672
2024-09-09,132.73033142089844,101.36077880859375,109.30567932128906,64.06060791015625,29.523706436157227,27.70320701599121,32.80186462402344,6.468771934509277,69.16645812988281
2024-09-10,130.77197265625,99.82501983642578,105.3235092163086,62.6070671081543,28.92023277282715,27.34580421447754,32.29556655883789,6.422959327697754,69.16645812988281
2024-09-11,130.44088745117188,98.4524154663086,104.27804565429688,62.90156555175781,29.050212860107422,27.017385482788086,32.06189727783203,6.679511070251465,72.6499252319336
2024-09-12,131.69912719726562,98.7691650390625,105.7131576538086,63.63309860229492,29.3194522857666,27.065683364868164,32.41240692138672,6.835274696350098,72.6499252319336
2024-09-13,133.02357482910156,99.34507751464844,105.63713836669922,64.07960510253906,29.560840606689453,26.920791625976562,32.519508361816406,6.862762451171875,72.6499252319336
2024-09-16,134.42372131347656,101.31278991699219,107.1197509765625,64.65912628173828,29.987913131713867,27.442401885986328,33.0842170715332,6.835274696350098,72.6499252319336
2024-09-17,135.67250061035156,103.94279479980469,108.516845703125,64.74462890625,30.220020294189453,28.302091598510742,33.81444549560547,6.981875896453857,72.6499252319336
2024-09-18,136.19284057617188,104.2595443725586,108.89700317382812,64.76362609863281,30.10860824584961,28.10890007019043,33.75602722167969,7.155964374542236,76.53298950195312
2024-09-19,137.1672821044922,106.11206817626953,110.24657440185547,65.71366882324219,30.414989471435547,28.524255752563477,35.4014778137207,7.320890426635742,77.266357421875
2024-09-20,137.8200225830078,105.45935821533203,109.55278015136719,65.28614807128906,30.303577423095703,28.466299057006836,35.08991241455078,7.302565574645996,77.266357421875
2024-09-23,139.5796661376953,105.28658294677734,111.53913116455078,65.6281509399414,30.507831573486328,28.929954528808594,35.489097595214844,7.421679496765137,79.46643829345703
2024-09-24,139.49452209472656,104.53790283203125,111.2445068359375,65.9416732788086,30.479976654052734,28.949270248413086,35.38200759887695,7.623255252838135,83.59866333007812
2024-09-25,136.20230102539062,101.48556518554688,109.07759094238281,64.62112426757812,29.412294387817383,27.886735916137695,35.099647521972656,7.513304710388184,84.31791687011719
2024-09-26,134.32913208007812,98.2028579711914,107.20529174804688,62.075035095214844,28.58600425720215,26.862836837768555,33.8533935546875,7.366703510284424,85.70002746582031
2024-09-27,137.6403045654297,100.51611328125,110.07550811767578,62.80657196044922,29.1709041595459,27.674230575561523,35.226219177246094,7.375866413116455,85.70002746582031
2024-09-30,139.32424926757812,101.05362701416016,111.40606689453125,62.654563903808594,29.143051147460938,28.060604095458984,35.19701385498047,7.65074348449707,85.70002746582031
2024-10-01,141.62313842773438,104.97943878173828,113.98165893554688,63.528594970703125,29.792945861816406,28.91063117980957,35.78119659423828,7.293403148651123,81.70413970947266
2024-10-02,142.8057098388672,105.92969512939453,115.49279022216797,64.43112182617188,30.052902221679688,28.852676391601562,36.23880386352539,7.210939884185791,81.70413970947266
2024-10-03,143.08950805664062,107.90699768066406,116.50022888183594,65.03913879394531,30.136459350585938,29.683385848999023,36.56010437011719,6.95438814163208,86.2171401977539
2024-10-04,142.6070556640625,109.94188690185547,118.63862609863281,65.08663940429688,30.526395797729492,30.031124114990234,36.93008804321289,6.58788537979126,72.9884033203125
2024-10-07,142.96652221679688,110.11466217041016,119.15184783935547,66.72071075439453,30.767786026000977,30.031124114990234,36.95929718017578,6.679511070251465,73.61834716796875
2024-10-08,140.72439575195312,106.35203552246094,115.98700714111328,64.858642578125,29.737239837646484,29.02654457092285,36.47247314453125,6.752811431884766,73.61834716796875
2024-10-09,141.57583618164062,106.51520538330078,116.0345230102539,64.8111343383789,29.690820693969727,29.325986862182617,36.59905242919922,6.633697986602783,71.45586395263672
2024-10-10,142.49349975585938,107.36949157714844,117.03244018554688,65.40015411376953,30.025053024291992,29.683385848999023,36.6185188293457,6.597047805786133,71.45586395263672
2024-10-11,143.25033569335938,106.05447387695312,117.47914123535156,65.06763458251953,29.811513900756836,29.770320892333984,36.706153869628906,6.743649005889893,73.52432250976562
2024-10-14,143.59091186523438,105.07542419433594,117.92582702636719,64.96314239501953,29.70010757446289,29.538494110107422,36.647727966308594,6.945225238800049,74.74659729003906
2024-10-15,139.75941467285156,100.98643493652344,114.38082122802734,62.778076171875,28.539583206176758,28.234474182128906,35.36253356933594,6.743649005889893,74.74659729003906
2024-10-16,140.7054901123047,100.9384536743164,114.67546081542969,63.31007766723633,28.71598243713379,28.302091598510742,35.771461486816406,6.835274696350098,74.74659729003906
2024-10-17,143.04220581054688,101.88870239257812,114.38082122802734,63.975101470947266,29.07806396484375,27.9543514251709,35.90776824951172,6.7253241539001465,74.74659729003906
2024-10-18,142.6165008544922,101.42797088623047,114.05768585205078,63.690093994140625,29.08734893798828,27.36512565612793,35.4404182434082,6.972713470458984,74.74659729003906
2024-10-21,142.73947143554688,100.77526092529297,114.12422180175781,63.69960021972656,29.217327117919922,27.29751205444336,35.489097595214844,7.201777458190918,83.52813720703125
2024-10-22,142.77731323242188,100.78487396240234,114.71347045898438,63.66160202026367,29.3194522857666,27.27819061279297,35.031490325927734,6.936063289642334,83.82901763916016
2024-10-23,142.36105346679688,100.31453704833984,114.30479431152344,63.2055778503418,29.06877899169922,26.862836837768555,36.02460479736328,6.798624515533447,83.82901763916016
2024-10-24,142.3326873779297,100.18016052246094,113.65851593017578,63.091583251953125,29.05949592590332,26.901473999023438,35.81040573120117,6.9910383224487305,83.82901763916016
2024-10-25,142.67324829101562,100.36253356933594,113.56348419189453,63.50959014892578,29.26374626159668,27.28784942626953,36.5308952331543,6.981875896453857,87.41120910644531
2024-10-28,142.41781616210938,99.11471557617188,113.00274658203125,62.74006271362305,28.827390670776367,26.940113067626953,36.4140625,6.908575057983398,84.27090454101562
2024-10-29,140.50680541992188,98.21245574951172,111.46308898925781,62.018043518066406,27.25836753845215,26.58271598815918,36.11222839355469,6.761974334716797,84.27090454101562
2024-10-30,140.0621795654297,98.8459701538086,110.90235137939453,62.30305480957031,26.942703247070312,26.746923446655273,36.501686096191406,6.780299186706543,84.27090454101562
2024-10-31,140.79063415527344,105.14261627197266,110.98789978027344,64.17461395263672,27.25836753845215,26.79522132873535,37.076133728027344,7.165127277374268,84.27090454101562
2024-11-01,144.8113250732422,103.51085662841797,109.2486572265625,64.11759948730469,27.137670516967773,26.73726463317871,36.852195739746094,7.421679496765137,84.27090454101562
2024-11-04,145.6627655029297,104.48990631103516,112.72712707519531,64.35511779785156,27.601879119873047,27.171937942504883,37.37110137939453,7.641580581665039,84.27090454101562
2024-11-05,145.13299560546875,104.82585906982422,113.05977630615234,64.8111343383789,27.815414428710938,27.55831527709961,37.77252197265625,7.6782307624816895,84.27090454101562
2024-11-06,149.21043395996094,109.06841278076172,114.99858856201172,64.93463134765625,28.001100540161133,29.461219787597656,41.845455169677734,7.0643391609191895,76.9090805053711
2024-11-07,148.31170654296875,107.88780212402344,115.14114379882812,65.18164825439453,28.121793746948242,28.543575286865234,42.197914123535156,7.476654052734375,76.9090805053711
2024-11-08,148.46304321289062,107.85881042480469,115.10313415527344,63.7090950012207,27.291629791259766,28.234474182128906,42.11959457397461,7.320890426635742,80.09638214111328
2024-11-11,148.05625915527344,108.30342864990234,114.494873046875,63.500083923339844,27.282194137573242,29.10382080078125,43.1867790222168,7.128477096557617,80.09638214111328
2024-11-12,146.91152954101562,106.9405746459961,114.38082122802734,62.29355239868164,26.565237045288086,29.16177749633789,42.75598907470703,7.027688503265381,78.18305969238281
2024-11-13,150.15647888183594,108.08111572265625,115.44528198242188,62.208045959472656,26.952016830444336,29.16177749633789,42.16854476928711,7.201777458190918,78.18305969238281
2024-11-14,153.07032775878906,109.14434051513672,115.52194213867188,62.5025634765625,27.40483283996582,29.084503173828125,42.2762451171875,7.540791988372803,78.18305969238281
2024-11-15,152.7108154296875,108.56440734863281,114.32416534423828,62.855865478515625,27.338796615600586,28.678808212280273,42.0412712097168,7.604930400848389,78.18305969238281
2024-11-18,153.63783264160156,109.95625305175781,115.28237915039062,63.67192077636719,27.75387954711914,29.412921905517578,42.16854476928711,7.769855976104736,80.18099975585938
2024-11-19,152.5292205810547,109.30863952636719,113.6725845336914,63.182289123535156,27.442567825317383,29.432241439819336,41.97273254394531,7.879807472229004,80.18099975585938
2024-11-20,154.18258666992188,109.63728332519531,115.2919692993164,62.81746292114258,27.433134078979492,30.118059158325195,43.38259506225586,7.943945407867432,80.18099975585938
2024-11-21,154.46929931640625,108.158447265625,116.83468627929688,63.62392044067383,27.848217010498047,30.784561157226562,43.94066619873047,7.659905433654785,80.04467010498047
2024-11-22,155.1669464111328,108.01345825195312,116.70053100585938,63.39350128173828,28.036888122558594,30.852176666259766,43.3238525390625,7.659905433654785,80.05219268798828
2024-11-25,153.25555419921875,102.5523681640625,114.95659637451172,62.45263671875,27.659542083740234,30.900474548339844,42.63850021362305,7.449166774749756,80.05219268798828
2024-11-26,155.32940673828125,103.20964050292969,113.04017639160156,62.20301818847656,27.319929122924805,30.72660255432129,42.618919372558594,7.330053329467773,80.05219268798828
2024-11-27,154.9280242919922,103.79924011230469,112.74312591552734,62.31822967529297,27.480300903320312,30.79421615600586,42.69724655151367,7.403353691101074,75.90775299072266
2024-11-29,154.75599670410156,104.71747589111328,113.03057861328125,62.15501022338867,27.650108337402344,30.77490234375,43.03013229370117,7.751531600952148,76.62701416015625
2024-12-02,155.02359008789062,102.5910415649414,112.92518615722656,61.7709846496582,27.34823226928711,30.485118865966797,42.775569915771484,7.907295227050781,76.62701416015625
2024-12-03,154.74644470214844,102.5040512084961,112.7527084350586,62.67345428466797,27.782180786132812,30.639667510986328,42.75598907470703,8.108871459960938,76.62701416015625
2024-12-04,151.30593872070312,100.04898071289062,109.50436401367188,61.64617156982422,27.480300903320312,29.717079162597656,41.669227600097656,7.779018878936768,76.62701416015625
2024-12-05,152.27117919921875,100.94788360595703,109.98345947265625,61.78058624267578,27.489736557006836,29.15381622314453,41.620269775390625,8.044733047485352,80.01176452636719
2024-12-06,148.36239624023438,99.7686767578125,108.82404327392578,60.724510192871094,27.074655532836914,27.949594497680664,40.44538497924805,7.980595588684082,80.01176452636719
2024-12-09,150.12086486816406,99.71068572998047,108.18203735351562,62.116607666015625,28.385934829711914,28.240938186645508,40.562870025634766,7.751531600952148,79.90834045410156
2024-12-10,150.04441833496094,98.93743133544922,107.9616470336914,61.80937957763672,28.395370483398438,28.231225967407227,40.347476959228516,7.742368698120117,79.7861099243164
2024-12-11,149.28941345214844,98.77310943603516,107.24298858642578,61.95339584350586,28.61234474182129,28.35747528076172,41.57131576538086,7.65074348449707,78.51683044433594
2024-12-12,147.8558807373047,97.53591918945312,107.14717102050781,61.44456100463867,28.44253921508789,28.056419372558594,41.44403839111328,7.467491626739502,76.420166015625
2024-12-13,147.05307006835938,97.6422348022461,106.20811462402344,61.0029296875,28.28216552734375,27.852479934692383,41.26780700683594,7.714881420135498,76.94197845458984
2024-12-16,142.74288940429688,96.24072265625,103.93716430664062,59.66843032836914,27.310497283935547,27.06584930419922,40.92512893676758,7.586605072021484,76.94197845458984
2024-12-17,141.54824829101562,94.97452545166016,103.49639129638672,59.40920639038086,27.433134078979492,26.40546989440918,40.54329299926758,7.366703510284424,76.94197845458984
2024-12-18,137.69679260253906,92.64510345458984,101.97282409667969,58.20912170410156,26.92371940612793,25.395477294921875,39.20196533203125,7.284240245819092,74.04049682617188
2024-12-19,134.8966064453125,91.99749755859375,101.10086059570312,58.35313034057617,26.80107879638672,25.026443481445312,38.96698760986328,7.275077819824219,74.04049682617188
2024-12-20,136.5213165283203,91.93951416015625,101.44581604003906,58.218719482421875,26.98031997680664,25.220670700073242,39.476104736328125,7.284240245819092,74.04049682617188
2024-12-23,136.635986328125,93.1573715209961,101.85784912109375,58.71795654296875,27.121824264526367,25.50230598449707,39.309661865234375,7.559117317199707,74.04049682617188
2024-12-24,137.46743774414062,93.86296844482422,101.95365905761719,58.98677444458008,27.159561157226562,26.065568923950195,39.93627166748047,7.568280220031738,74.04049682617188
2024-12-26,137.6012420654297,93.65032196044922,102.0398941040039,58.90997314453125,27.21615982055664,26.026721954345703,40.024383544921875,7.61409330368042,77.43089294433594
2024-12-27,137.62034606933594,93.6793212890625,102.03031921386719,59.2267951965332,27.319929122924805,26.017011642456055,39.94606018066406,7.669068336486816,73.4961166381836
2024-12-30,136.7315673828125,93.84363555908203,101.34040069580078,59.313201904296875,27.442567825317383,26.182106018066406,40.083126068115234,7.549954891204834,76.5047836303711
2024-12-31,138.42312622070312,95.85409545898438,103.07476806640625,60.148468017578125,27.885950088500977,26.40546989440918,40.16145706176758,7.522467136383057,73.12943267822266
2025-01-02,140.21029663085938,96.7336654663086,102.82563781738281,60.58049011230469,28.234996795654297,26.929887771606445,40.69015121459961,7.806507110595703,76.89497375488281
2025-01-03,141.29978942871094,97.70989227294922,103.3526611328125,61.94379425048828,28.744413375854492,26.881332397460938,41.767127990722656,7.7606940269470215,76.89497375488281
2025-01-06,140.7359161376953,96.64667510986328,103.2376708984375,62.164608001708984,29.263267517089844,26.861909866333008,41.933570861816406,7.724043846130371,76.89497375488281
2025-01-07,142.9626922607422,98.2705078125,104.20545196533203,63.29749298095703,30.027395248413086,26.94931411743164,42.491641998291016,7.375866413116455,76.89497375488281
2025-01-08,143.6412353515625,98.22216796875,102.46151733398438,62.13581085205078,29.357603073120117,26.25008773803711,42.530799865722656,7.348378658294678,76.89497375488281
2025-01-10,146.3554229736328,98.51213836669922,102.08781433105469,62.34703063964844,29.517976760864258,26.191818237304688,42.35456848144531,6.853600025177002,70.31351470947266
2025-01-13,148.467529296875,100.74490356445312,104.72289276123047,62.36622619628906,29.451940536499023,26.99786949157715,43.89171600341797,6.652023792266846,70.31351470947266
2025-01-14,149.94883728027344,101.37316131591797,105.13491821289062,63.278297424316406,29.329303741455078,27.386329650878906,44.12668991088867,6.688673973083496,70.0549545288086
2025-01-15,151.31549072265625,101.95311737060547,106.85012817382812,63.7103271484375,29.52741050720215,28.075841903686523,44.76308059692383,6.743649005889893,70.0549545288086
2025-01-16,152.31898498535156,102.0787582397461,106.66806030273438,63.796730041503906,29.9802303314209,28.42545509338379,45.36031723022461,6.670348644256592,70.0549545288086
2025-01-17,154.31639099121094,102.31073760986328,107.62628173828125,64.05595397949219,29.89532470703125,29.037275314331055,45.565921783447266,6.487097263336182,70.0549545288086
2025-01-21,151.22947692871094,100.79322052001953,106.8117904663086,64.10395050048828,29.73495101928711,28.677953720092773,46.05545425415039,6.670348644256592,70.0549545288086
2025-01-22,149.4805450439453,99.614013671875,104.95287322998047,63.31669998168945,29.36703872680664,27.65825080871582,44.851200103759766,6.569560527801514,66.28471374511719
2025-01-23,149.0982666015625,100.51292419433594,105.54696655273438,63.99835968017578,29.706649780273438,27.1629638671875,44.70433807373047,6.597047805786133,66.28471374511719
2025-01-24,148.7542266845703,98.4251480102539,104.11922454833984,62.7790641784668,29.668914794921875,26.99786949157715,44.59663772583008,6.597047805786133,66.28471374511719
2025-01-27,150.26422119140625,99.25639343261719,105.56611633300781,62.539039611816406,29.668914794921875,26.4637393951416,42.63850021362305,6.706998825073242,66.28471374511719
2025-01-28,149.28941345214844,97.99018859863281,103.52513122558594,62.00140380859375,29.39533805847168,25.881052017211914,42.37415313720703,6.542072296142578,65.73939514160156
2025-01-29,148.79244995117188,98.16416931152344,104.12879943847656,62.19341278076172,29.36703872680664,25.609130859375,42.16854476928711,6.514585018157959,65.73939514160156
2025-01-30,149.39454650878906,98.0675277709961,104.9911880493164,63.9887580871582,29.819854736328125,25.77422523498535,43.66652297973633,6.679511070251465,65.73939514160156
2025-01-31,142.58042907714844,95.52545928955078,102.3656997680664,63.22068786621094,29.301000595092773,25.26923179626465,45.21345520019531,6.697836399078369,65.73939514160156
2025-02-03,142.72377014160156,95.18717193603516,102.61482238769531,62.567840576171875,29.121763229370117,24.773944854736328,46.407920837402344,6.5787224769592285,65.27869415283203
2025-02-04,146.43186950683594,97.2169418334961,105.3648910522461,63.969539642333984,29.848154067993164,25.57999610900879,46.956199645996094,6.881087779998779,65.27869415283203
2025-02-05,146.21206665039062,96.85931396484375,105.28823852539062,63.87354278564453,29.87645721435547,25.53143882751465,47.82757568359375,7.201777458190918,65.27869415283203
2025-02-06,145.1703643798828,96.59834289550781,103.89884185791016,63.518314361572266,30.150033950805664,24.744810104370117,45.996707916259766,7.265915393829346,68.40018463134766
2025-02-07,145.85845947265625,95.0711669921875,104.33961486816406,63.259090423583984,30.44247817993164,24.463178634643555,45.233036041259766,7.110151767730713,70.51565551757812
2025-02-10,148.86891174316406,96.15373229980469,106.33270263671875,63.48950958251953,32.4707145690918,25.230382919311523,46.4177131652832,7.311728000640869,70.51565551757812
2025-02-11,150.4649200439453,98.30915832519531,107.0034408569336,64.6895980834961,32.59335708618164,25.725669860839844,46.34884262084961,7.815669059753418,70.51565551757812
2025-02-12,148.03744506835938,95.10983276367188,103.78404998779297,64.09435272216797,32.71599578857422,25.220670700073242,45.660152435302734,7.6965556144714355,74.46453094482422
2025-02-13,148.97402954101562,93.65999603271484,104.53814697265625,64.68000793457031,32.53675842285156,25.521728515625,45.40435028076172,7.4949798583984375,74.46453094482422
2025-02-14,150.10459899902344,93.79640197753906,104.64449310302734,65.14189910888672,33.01787185668945,25.405189514160156,45.65031433105469,7.751531600952148,74.46453094482422
2025-02-18,150.89695739746094,94.9559555053711,106.48137664794922,65.81146240234375,33.31031799316406,25.958744049072266,46.220943450927734,7.788181781768799,74.1824722290039
2025-02-19,151.93089294433594,97.02169799804688,106.63606262207031,65.59798431396484,32.58392333984375,25.968456268310547,46.13239288330078,7.9347825050354,74.1824722290039
2025-02-20,153.43832397460938,99.3895034790039,108.27959442138672,66.3548812866211,32.68769454956055,26.211240768432617,46.15207290649414,7.989758491516113,74.1824722290039
2025-02-21,151.63134765625,95.43341064453125,107.01310729980469,64.72462463378906,32.419837951660156,25.50230598449707,44.882911682128906,7.8614821434021,72.6311264038086
2025-02-24,152.56866455078125,96.2908935546875,107.57383728027344,64.90901184082031,32.27635192871094,25.968456268310547,43.899070739746094,8.154684066772461,72.6311264038086
2025-02-25,151.148193359375,94.59542083740234,106.08499908447266,64.91871643066406,31.78847312927246,25.473169326782227,43.32844543457031,8.44788646697998,73.52432250976562
2025-02-26,149.91134643554688,93.66973876953125,105.82395935058594,65.4039077758789,31.262332916259766,25.1721134185791,42.807003021240234,8.218822479248047,74.26708221435547
2025-02-27,151.3897705078125,94.87800598144531,106.49104309082031,65.27775573730469,31.68324089050293,25.346921920776367,42.875877380371094,8.01724624633789,74.26708221435547
2025-02-28,153.27406311035156,96.6124496459961,107.63185119628906,65.46212768554688,31.68324089050293,25.609130859375,43.86955642700195,7.980595588684082,74.26708221435547
2025-03-03,147.93043518066406,90.25931549072266,104.1804428100586,64.49174499511719,30.430070877075195,24.288372039794922,42.89554977416992,8.026408195495605,74.26708221435547
2025-03-04,146.87716674804688,88.32024383544922,103.96774291992188,64.23943328857422,30.076120376586914,23.453184127807617,42.167510986328125,8.154684066772461,74.26708221435547
2025-03-05,145.72726440429688,86.60527801513672,101.93750762939453,64.14240264892578,30.497034072875977,23.658573150634766,41.636234283447266,8.08138370513916,71.89776611328125
2025-03-06,147.79513549804688,86.33245849609375,104.04508972167969,64.05506896972656,30.334407806396484,23.912860870361328,41.223026275634766,8.118033409118652,71.89776611328125
2025-03-07,151.07090759277344,88.31050109863281,105.39857482910156,64.81196594238281,30.678791046142578,24.450777053833008,42.197025299072266,8.347098350524902,71.89776611328125
2025-03-10,152.25946044921875,90.52240753173828,108.08623504638672,64.81196594238281,30.81271743774414,24.343191146850586,40.49497985839844,8.759413719177246,76.58940124511719
2025-03-11,148.88706970214844,92.96817016601562,105.53392791748047,64.83137512207031,30.592695236206055,24.11824607849121,41.173828125,8.44788646697998,74.2285385131836
2025-03-12,147.5245819091797,95.24827575683594,105.50492858886719,65.38449096679688,30.80315399169922,24.167146682739258,41.79364776611328,8.237147331237793,74.2285385131836
2025-03-13,148.4329071044922,93.72820281982422,105.0602035522461,65.73384094238281,30.965776443481445,23.80527687072754,41.06560516357422,8.035571098327637,74.2285385131836
2025-03-14,151.7279815673828,96.41756439208984,108.18292236328125,66.73332977294922,31.941526412963867,24.519237518310547,42.147830963134766,7.980595588684082,71.1926040649414
2025-03-17,153.3706817626953,96.81707000732422,109.98113250732422,68.02394104003906,32.295475006103516,24.665943145751953,43.17102813720703,8.218822479248047,71.63167572021484
2025-03-18,155.39024353027344,97.95712280273438,109.8651123046875,68.86817932128906,32.73552703857422,24.450777053833008,42.99393844604492,8.420398712158203,71.63167572021484
2025-03-19,158.5210418701172,98.73665618896484,111.5763168334961,69.4018783569336,33.108604431152344,24.529020309448242,43.87939453125,8.567000389099121,76.25092315673828
2025-03-20,159.21678161621094,99.69156646728516,112.05003356933594,69.81915283203125,33.242530822753906,24.440996170043945,43.96794128417969,8.3100004196167,69.36859893798828
2025-03-21,159.1974639892578,99.3115463256836,111.66332244873047,68.90699768066406,33.05120849609375,24.196489334106445,43.39731216430664,8.399999618530273,69.36859893798828
2025-03-24,159.45835876464844,99.57464599609375,111.95336151123047,69.16899871826172,32.63029479980469,25.03759765625,43.87939453125,8.649999618530273,72.33026123046875
2025-03-25,160.34735107421875,99.92543029785156,112.71710968017578,69.89678955078125,32.802490234375,25.12561798095703,44.45002746582031,8.729999542236328,74.2764892578125
2025-03-26,162.30894470214844,100.55879211425781,114.34130859375,70.8671646118164,32.92684555053711,25.135398864746094,43.30876922607422,8.899999618530273,74.2764892578125
2025-03-27,161.03341674804688,100.18852233886719,113.97393798828125,71.11946868896484,32.91728591918945,24.783308029174805,42.925071716308594,8.710000038146973,74.2764892578125
2025-03-28,160.49227905273438,99.75003814697266,113.81925964355469,70.5760498046875,32.391143798828125,24.519237518310547,42.38395690917969,8.819999694824219,75.1226806640625
2025-03-31,161.65184020996094,102.33221435546875,114.97938537597656,71.10977172851562,32.32417678833008,24.81264877319336,43.23990249633789,8.680000305175781,70.51565551757812
2025-04-01,162.8307342529297,102.69274139404297,115.08573913574219,70.88658142089844,32.34330749511719,24.988691329956055,44.07616424560547,8.649999618530273,70.51565551757812
2025-04-02,160.85948181152344,103.38457489013672,114.72802734375,70.56635284423828,32.34330749511719,25.135398864746094,44.19422149658203,8.569999694824219,70.51565551757812
2025-04-03,150.85830688476562,92.812255859375,108.69530487060547,67.7037124633789,29.98046112060547,21.898115158081055,40.199825286865234,7.880000114440918,70.51565551757812
2025-04-04,138.45106506347656,84.0815658569336,100.87403106689453,62.23074722290039,27.14886474609375,19.541061401367188,34.8378791809082,7.0,70.51565551757812
2025-04-07,135.42654418945312,83.47743225097656,99.52053833007812,60.47434997558594,25.991355895996094,19.550840377807617,35.133033752441406,7.139999866485596,64.17864990234375
2025-04-08,132.3150634765625,80.54447937011719,97.4226303100586,57.980464935302734,24.977338790893555,18.836877822875977,34.434505462646484,7.159999847412109,64.17864990234375
2025-04-09,141.10836791992188,89.16797637939453,102.2855453491211,61.997859954833984,26.689687728881836,21.58514404296875,38.1239128112793,7.489999771118164,61.20758819580078
2025-04-10,130.43080139160156,81.1583480834961,96.61053466796875,58.009578704833984,25.092132568359375,19.824689865112305,36.067684173583984,7.320000171661377,64.96842193603516
2025-04-11,131.0588836669922,84.17901611328125,99.71390533447266,60.25116729736328,25.43651580810547,20.60711669921875,37.31716537475586,7.429999828338623,68.63523864746094
2025-04-14,130.7593231201172,84.23746490478516,99.95559692382812,60.68783950805664,25.742633819580078,20.783159255981445,37.19910430908203,7.949999809265137,71.45586395263672
2025-04-15,130.005615234375,83.52616119384766,99.67523193359375,60.92073059082031,26.029621124267578,20.783159255981445,37.5434455871582,8.0600004196167,72.2174301147461
2025-04-16,130.7979736328125,84.1497802734375,100.7290267944336,62.13370895385742,26.460100173950195,20.959205627441406,37.51393508911133,8.100000381469727,72.2174301147461
2025-04-17,133.223388671875,86.70272827148438,103.36833953857422,63.11379623413086,27.091466903686523,22.0350399017334,38.28133010864258,8.100000381469727,69.99853515625
2025-04-21,129.22291564941406,85.30933380126953,101.8504867553711,62.735355377197266,26.861879348754883,21.438440322875977,37.18926239013672,8.109999656677246,72.30205535888672
2025-04-22,132.672607421875,87.4627685546875,104.70249938964844,63.23994827270508,27.617610931396484,20.2452449798584,37.74021911621094,7.920000076293945,72.00119018554688
2025-04-23,132.073486328125,87.62841796875,103.80339050292969,62.5994987487793,27.359323501586914,20.1572208404541,35.310123443603516,8.390000343322754,71.97298431396484
2025-04-24,134.38296508789062,89.4505615234375,105.02153015136719,63.123504638671875,27.74197006225586,20.74403953552246,35.79220962524414,8.239999771118164,74.47393035888672
2025-04-25,134.0543975830078,89.37260437011719,104.9635238647461,63.909515380859375,27.923728942871094,20.39194679260254,35.86107635498047,8.350000381469727,74.47393035888672
2025-04-28,135.37823486328125,90.5516357421875,105.02153015136719,64.06477355957031,27.866329193115234,20.196340560913086,35.62495422363281,8.300000190734863,74.47393035888672
2025-04-29,134.6051788330078,89.52850341796875,104.76050567626953,63.56987762451172,26.852312088012695,20.059415817260742,35.339637756347656,8.460000038146973,72.9884033203125
2025-04-30,131.47439575195312,86.83914184570312,102.12118530273438,62.57038879394531,26.268774032592773,19.38457489013672,34.828041076660156,8.510000228881836,72.97900390625
2025-05-01,131.6676483154297,88.32998657226562,102.26620483398438,62.88090896606445,26.67055320739746,19.492158889770508,35.60527420043945,8.720000267028809,72.97900390625
2025-05-02,133.8321533203125,89.07054138183594,102.68192291259766,64.66641235351562,26.900144577026367,20.14743995666504,36.500572204589844,8.930000305175781,72.97900390625
2025-05-05,130.93325805664062,85.3677978515625,99.8395767211914,63.191436767578125,27.914161682128906,19.423696517944336,36.15623092651367,8.859999656677246,77.62000274658203
2025-05-06,131.0299072265625,85.38728332519531,101.23174285888672,63.17201614379883,27.167997360229492,19.012924194335938,36.03742218017578,8.430000305175781,77.62000274658203
2025-05-07,131.21348571777344,85.4652328491211,101.13506317138672,63.123504638671875,26.909709930419922,18.934682846069336,35.94832229614258,8.579999923706055,72.0
2025-05-08,132.42135620117188,86.54682159423828,102.54656982421875,63.15261459350586,27.349756240844727,19.79534912109375,35.888916015625,8.680000305175781,73.44999694824219
2025-05-09,133.82249450683594,86.32270812988281,103.74537658691406,64.19092559814453,28.478567123413086,19.91271209716797,36.126529693603516,8.520000457763672,71.44000244140625
2025-05-12,136.8470001220703,89.90851593017578,105.53392791748047,64.41411590576172,28.880348205566406,20.783159255981445,37.245269775390625,9.369999885559082,80.0
2025-05-13,137.5524139404297,91.75989532470703,105.82395935058594,65.6076889038086,29.234296798706055,20.841842651367188,37.7996940612793,9.149999618530273,81.9800033569336
2025-05-14,136.8953094482422,90.20084381103516,104.87652587890625,65.10308837890625,29.042972564697266,20.763599395751953,37.463077545166016,9.529999732971191,91.95999908447266
2025-05-15,137.46542358398438,90.58086395263672,105.94002532958984,65.39420318603516,28.803817749023438,20.577775955200195,37.35417556762695,9.569999694824219,91.95999908447266
2025-05-16,137.3108367919922,90.0644302368164,105.55950164794922,65.34123992919922,28.930194854736328,20.783159255981445,37.413578033447266,9.5600004196167,94.2699966430664
2025-05-19,135.45249938964844,88.84589385986328,103.88131713867188,65.3902816772461,28.580230712890625,20.411510467529297,37.53238296508789,9.609999656677246,90.12999725341797
2025-05-20,134.25926208496094,88.13834381103516,102.39826965332031,65.34123992919922,28.38580894470215,20.030075073242188,36.96805953979492,9.5600004196167,90.12999725341797
2025-05-21,132.58676147460938,85.64228820800781,101.13964080810547,65.08623504638672,28.074729919433594,19.462818145751953,36.284934997558594,9.449999809265137,92.4000015258789
2025-05-22,132.3226776123047,84.63992309570312,100.46641540527344,64.68409729003906,28.133058547973633,19.52149772644043,36.22553253173828,9.630000114440918,92.4000015258789
2025-05-23,133.54525756835938,83.71619415283203,100.52495574951172,65.02738189697266,28.27887535095215,19.472599029541016,36.37403869628906,9.510000228881836,90.0
2025-05-27,134.80697631835938,84.0699691772461,101.00303649902344,65.40989685058594,28.337202072143555,19.531280517578125,36.85915756225586,9.15999984741211,90.0
2025-05-28,133.03668212890625,83.11674499511719,99.62732696533203,64.77236938476562,28.133058547973633,19.423696517944336,36.314632415771484,8.90999984741211,90.0
2025-05-29,134.88522338867188,84.11910247802734,100.19322204589844,65.1646957397461,28.356645584106445,19.638864517211914,36.98786163330078,8.979999542236328,90.0
2025-05-30,133.70175170898438,83.87342071533203,99.81271362304688,64.94892120361328,28.28859519958496,19.159626007080078,36.68095016479492,8.989999771118164,81.1500015258789
2025-06-02,134.81674194335938,85.2197265625,100.54447937011719,66.15530395507812,28.755212783813477,19.570402145385742,36.94826126098633,9.25,86.51000213623047
2025-06-03,136.4892578125,86.3891372680664,101.2762451171875,66.52801513671875,28.735769271850586,19.98117446899414,37.16606903076172,8.9399995803833,86.51000213623047
2025-06-04,134.35707092285156,84.46304321289062,99.81271362304688,65.978759765625,28.113615036010742,19.734615325927734,36.91856002807617,9.109999656677246,82.5
2025-06-05,133.89736938476562,83.87342071533203,99.35414123535156,66.2337646484375,28.239990234375,19.67544174194336,36.77995681762695,9.109999656677246,82.5
2025-06-06,137.13478088378906,85.71107482910156,101.73480987548828,66.71436309814453,28.473299026489258,20.23759651184082,37.522483825683594,9.369999885559082,82.5
2025-06-09,137.67271423339844,86.51688385009766,102.41779327392578,66.94976043701172,28.63855743408203,20.71099090576172,37.94820022583008,9.420000076293945,82.5
2025-06-10,140.20591735839844,89.6025619506836,104.61308288574219,68.70539855957031,29.387086868286133,21.450668334960938,38.690731048583984,9.239999771118164,82.5
2025-06-11,141.6045379638672,91.73502349853516,106.65226745605469,69.65677642822266,29.950916290283203,21.884614944458008,38.6412239074707,9.300000190734863,82.16999816894531
2025-06-12,141.79037475585938,93.05184173583984,107.06206512451172,70.06871795654297,30.057849884033203,21.677501678466797,38.24521255493164,9.380000114440918,82.16999816894531
2025-06-13,142.7097625732422,95.2825698852539,109.39395141601562,71.1476058959961,30.835542678833008,22.870851516723633,38.651126861572266,9.6899995803833,82.16999816894531
2025-06-16,142.82711791992188,93.35647583007812,109.74520111083984,70.05890655517578,30.291156768798828,22.594703674316406,38.601627349853516,9.479999542236328,81.48500061035156
2025-06-17,145.5852813720703,93.84782409667969,111.22823333740234,70.94163513183594,30.699445724487305,22.693328857421875,39.20554733276367,9.220000267028809,81.48500061035156
2025-06-18,144.9397430419922,92.17723846435547,110.43793487548828,70.61797332763672,30.271713256835938,21.97337532043457,38.59172439575195,9.270000457763672,81.48500061035156
2025-06-20,146.26992797851562,93.05184173583984,111.91120910644531,71.01029205322266,30.378646850585938,21.97337532043457,38.61152267456055,9.029999732971191,77.86000061035156
2025-06-23,143.638916015625,90.1233901977539,109.02317810058594,69.48023223876953,29.474576950073242,20.484155654907227,37.453182220458984,9.25,77.86000061035156
2025-06-24,140.40151977539062,87.8435287475586,105.70584869384766,68.79367065429688,28.998241424560547,20.4940185546875,37.5917854309082,9.09000015258789,74.5
2025-06-25,140.08853149414062,87.46028137207031,105.73512268066406,68.10710906982422,29.474576950073242,19.98117446899414,37.20567321777344,9.050000190734863,74.5
2025-06-26,141.27200317382812,89.31758117675781,107.31573486328125,69.62734985351562,29.445415496826172,20.355945587158203,37.938297271728516,9.149999618530273,73.85700225830078
2025-06-27,140.63624572753906,88.61003875732422,106.72056579589844,69.6175537109375,29.494020462036133,20.286909103393555,37.68089294433594,9.470000267028809,73.85700225830078
2025-06-30,140.04942321777344,88.1874771118164,105.1789779663086,69.05848693847656,29.0954532623291,20.099523544311523,37.95810317993164,9.229999542236328,73.13999938964844
2025-07-01,142.37721252441406,90.39855194091797,106.58396911621094,69.82351684570312,29.649559020996094,20.918100357055664,38.30461120605469,9.15999984741211,73.13999938964844
2025-07-02,144.73434448242188,92.80616760253906,108.34996795654297,70.89259338378906,30.4272518157959,21.411218643188477,39.43326187133789,9.510000228881836,74.2300033569336
2025-07-03,145.1157989501953,92.05931091308594,109.47200012207031,70.53950500488281,30.067569732666016,21.223834991455078,39.245147705078125,9.34000015258789,74.2300033569336
2025-07-07,144.1670684814453,90.94886779785156,108.40850067138672,68.47982025146484,29.406530380249023,20.60250473022461,38.70063018798828,9.380000114440918,74.19999694824219
2025-07-08,149.87899780273438,94.1328125,111.41361999511719,69.89218139648438,30.398088455200195,21.855026245117188,39.710472106933594,9.710000038146973,74.19999694824219
2025-07-09,149.663818359375,92.89460754394531,111.0331039428711,70.35315704345703,30.398088455200195,21.736679077148438,38.93824005126953,9.75,75.16000366210938
2025-07-10,150.78858947753906,93.72007751464844,112.13562774658203,70.91221618652344,30.6411190032959,21.855026245117188,39.314449310302734,9.729999542236328,75.16000366210938
2025-07-11,151.90359497070312,93.95592498779297,112.62347412109375,70.91221618652344,31.729890823364258,22.762365341186523,40.294593811035156,9.739999771118164,75.16000366210938
2025-07-14,148.3238525390625,92.54083251953125,111.15018463134766,69.73523712158203,31.204944610595703,21.71695327758789,39.47285842895508,9.6899995803833,72.33000183105469
2025-07-15,147.38491821289062,90.94886779785156,110.16474151611328,69.0486831665039,30.971637725830078,21.095623016357422,38.601627349853516,9.75,72.33000183105469
2025-07-16,146.63180541992188,89.9268569946289,109.50127410888672,69.3134994506836,31.029964447021484,20.94768714904785,38.29471206665039,10.039999961853027,72.33000183105469
2025-07-17,148.05978393554688,91.20436096191406,108.94513702392578,68.98983001708984,31.19522476196289,21.243560791015625,38.789730072021484,10.0,72.33000183105469
2025-07-18,146.74916076660156,90.05461120605469,105.14971160888672,68.93098449707031,31.09801483154297,20.927963256835938,39.32435607910156,10.050000190734863,72.33000183105469
2025-07-21,146.39706420898438,89.4256820678711,105.42290496826172,68.97022247314453,31.331321716308594,20.888513565063477,39.45305633544922,10.100000381469727,72.33000183105469
2025-07-22,146.74916076660156,91.37142944335938,105.90099334716797,69.78428649902344,31.613235473632812,21.095623016357422,39.62136459350586,10.1899995803833,72.33000183105469
2025-07-23,149.76161193847656,93.39579010009766,107.25719451904297,71.3633804321289,31.797935485839844,21.667640686035156,44.23495101928711,10.640000343322754,77.0
2025-07-24,152.41217041015625,93.96575927734375,108.09628295898438,70.99066925048828,31.23410987854004,22.111448287963867,45.26458740234375,10.65999984741211,77.0
2025-07-25,151.4438934326172,93.30733489990234,107.71576690673828,70.608154296875,31.30215835571289,22.141036987304688,45.5912971496582,10.819999694824219,77.0
2025-07-28,152.852294921875,95.3415298461914,108.73048400878906,70.82393646240234,31.759050369262695,22.525667190551758,46.08632278442383,10.449999809265137,77.0
2025-07-29,153.5858612060547,96.29474639892578,110.13545989990234,71.7066650390625,32.04096603393555,22.762365341186523,45.294288635253906,10.1899995803833,77.0
2025-07-30,150.19195556640625,94.9975814819336,109.1792984008789,70.34334564208984,31.35076332092285,22.09172248840332,45.076480865478516,10.100000381469727,75.54000091552734
2025-07-31,148.31407165527344,93.69058990478516,108.92561340332031,70.82393646240234,31.25355339050293,22.09172248840332,44.601261138916016,9.880000114440918,73.37000274658203
2025-08-01,148.07933044433594,91.15523529052734,106.9742431640625,70.61797332763672,30.86470603942871,21.302734375,43.07659912109375,9.829999923706055,73.37000274658203
2025-08-04,147.7272186279297,91.24366760253906,104.75943756103516,70.4708480834961,31.58407211303711,21.371768951416016,43.314208984375,9.960000038146973,73.37000274658203
2025-08-05,149.68336486816406,91.58761596679688,104.63259887695312,71.01029205322266,32.663116455078125,21.38163185119629,43.61279296875,10.109999656677246,73.37000274658203
2025-08-06,149.4290771484375,91.49917602539062,103.92034912109375,70.85336303710938,32.9353141784668,20.927963256835938,43.22463607788086,10.210000038146973,73.37000274658203
2025-08-07,149.80075073242188,90.99800109863281,103.37396240234375,70.00006866455078,33.23666763305664,20.592641830444336,42.73695373535156,10.710000038146973,78.08999633789062
2025-08-08,151.61016845703125,92.28533935546875,104.20330047607422,70.27469635009766,33.18806457519531,20.612367630004883,43.08530044555664,10.869999885559082,74.79100036621094
2025-08-11,150.08438110351562,91.91190338134766,103.25688171386719,70.03929901123047,33.00336456298828,20.217870712280273,42.49808883666992,10.779999732971191,74.79100036621094
2025-08-12,151.0526580810547,92.95356750488281,103.54957580566406,70.86317443847656,33.120018005371094,20.68140411376953,42.30898666381836,11.430000305175781,74.79100036621094
2025-08-13,152.4512939453125,94.22124481201172,104.98384094238281,71.35357666015625,33.35332489013672,20.908239364624023,42.647377014160156,11.470000267028809,74.79100036621094
2025-08-14,151.7568817138672,93.99523162841797,104.7691879272461,71.24568939208984,33.67412185668945,21.05617332458496,43.04548645019531,11.069999694824219,74.79100036621094
2025-08-15,153.11639404296875,93.68077087402344,104.86766815185547,71.17237854003906,33.860538482666016,20.8293399810791,42.59761428833008,11.010000228881836,74.79100036621094
2025-08-18,151.91336059570312,93.13582611083984,105.09416961669922,70.8355941772461,33.58436584472656,21.036447525024414,42.66728210449219,10.59000015258789,70.87000274658203
2025-08-19,150.32115173339844,92.89803314208984,105.78350067138672,70.77615356445312,33.357513427734375,20.819477081298828,42.74690628051758,10.6899995803833,69.9800033569336
2025-08-20,151.5276641845703,94.01763916015625,106.8765869140625,71.41011810302734,33.41669464111328,20.809614181518555,42.647377014160156,10.59000015258789,69.9800033569336
2025-08-21,153.83193969726562,93.90865325927734,107.56593322753906,71.80634307861328,33.58436584472656,20.987138748168945,43.254493713378906,10.699999809265137,70.7300033569336
2025-08-22,156.43287658691406,95.89026641845703,109.58470153808594,72.6285171508789,34.26493453979492,21.963512420654297,44.548343658447266,10.789999961853027,70.7300033569336
2025-08-25,156.45266723632812,97.27739715576172,110.03768157958984,73.1238021850586,34.49178695678711,22.032548904418945,44.21990966796875,10.4399995803833,70.7300033569336
2025-08-26,155.6219482421875,96.15779113769531,109.79148864746094,72.96531677246094,34.19588851928711,21.578880310058594,44.23981475830078,10.529999732971191,70.7300033569336
2025-08-27,157.48118591308594,96.99996948242188,111.03230285644531,73.01483917236328,34.412879943847656,21.993099212646484,44.56825256347656,10.520000457763672,70.7300033569336
2025-08-28,157.560302734375,97.54491424560547,111.62316131591797,73.2327651977539,34.8665885925293,22.318557739257812,45.354515075683594,10.380000114440918,70.7300033569336
2025-08-29,158.82615661621094,98.06013488769531,112.54883575439453,73.18323516845703,34.74822998046875,22.41718101501465,45.18532180786133,10.25,70.8499984741211
2025-09-02,160.04257202148438,98.07994842529297,112.9427490234375,73.09408569335938,34.74822998046875,22.37773323059082,45.145511627197266,10.430000305175781,70.8499984741211
2025-09-03,156.314208984375,93.77984619140625,110.2051010131836,72.05398559570312,33.9887580871582,21.4536075592041,44.78721237182617,10.300000190734863,69.51000213623047
2025-09-04,155.94830322265625,94.8895492553711,110.68763732910156,71.62804412841797,33.83094787597656,22.328048706054688,46.10097122192383,10.489999771118164,69.5
2025-09-05,151.9628143310547,92.09547424316406,107.56593322753906,70.92473602294922,33.466007232666016,21.960386276245117,45.364471435546875,10.539999961853027,69.5
2025-09-08,152.29905700683594,90.55973052978516,108.17648315429688,71.03369903564453,33.44628143310547,21.632471084594727,45.42418670654297,10.569999694824219,71.19999694824219
2025-09-09,153.13967895507812,91.01549530029297,108.96429443359375,71.2417221069336,33.62382125854492,21.61259651184082,45.235084533691406,10.270000457763672,71.19999694824219
2025-09-10,156.04718017578125,93.452880859375,110.7861099243164,71.96483612060547,34.2846565246582,22.45722770690918,46.6981315612793,10.260000228881836,71.19999694824219
2025-09-11,156.50210571289062,93.2646255493164,110.43159484863281,71.34077453613281,33.998626708984375,22.169057846069336,46.74789810180664,10.430000305175781,71.19999694824219
2025-09-12,155.3747100830078,91.58026123046875,110.4512939453125,70.66719055175781,33.42655563354492,22.089563369750977,46.27016830444336,10.460000038146973,71.19999694824219
2025-09-15,155.57249450683594,91.4811782836914,110.63839721679688,70.99407958984375,33.74217987060547,21.652345657348633,46.0611572265625,10.600000381469727,71.19999694824219
2025-09-16,157.77786254882812,93.67086029052734,112.93289947509766,71.64785766601562,33.959171295166016,22.278364181518555,47.00666809082031,11.100000381469727,71.19999694824219
2025-09-17,158.32179260253906,92.95748138427734,113.53359985351562,70.73653411865234,33.83094787597656,22.109437942504883,46.26021194458008,11.029999732971191,71.19999694824219
2025-09-18,157.08558654785156,92.62060546875,112.19432830810547,70.76625061035156,34.08739471435547,22.2187442779541,47.05643081665039,10.869999885559082,71.19999694824219
2025-09-19,154.48464965820312,91.07494354248047,111.10123443603516,70.12238311767578,33.65340805053711,22.367795944213867,47.116146087646484,10.15999984741211,69.05000305175781
2025-09-22,154.326416015625,91.16412353515625,110.31341552734375,70.37992858886719,33.89999008178711,22.467164993286133,47.444583892822266,10.210000038146973,68.5
2025-09-23,155.6812744140625,92.6106948852539,112.2140121459961,70.86530303955078,34.26493453979492,24.11667823791504,48.69862747192383,10.329999923706055,68.5
2025-09-24,157.4218292236328,94.75083923339844,112.81472778320312,71.4398422241211,34.7285041809082,24.28560447692871,49.63418197631836,10.289999961853027,69.0
2025-09-25,158.94483947753906,95.91999053955078,113.82903289794922,72.20257568359375,34.7778205871582,24.504213333129883,49.863094329833984,10.039999961853027,67.44000244140625
2025-09-26,158.39102172851562,97.57463836669922,115.4342041015625,72.707763671875,35.20193862915039,24.951372146606445,50.28111267089844,10.0,67.5
2025-09-29,154.37586975097656,94.96881866455078,112.47990417480469,71.7667236328125,34.27479553222656,24.842065811157227,50.31096649169922,9.930000305175781,67.0
2025-09-30,153.57479858398438,93.72039794921875,111.03230285644531,70.85540008544922,33.9887580871582,24.44459342956543,48.4896240234375,9.760000228881836,65.77999877929688
2025-10-01,152.87265014648438,94.5823974609375,110.28387451171875,71.74691009521484,33.9887580871582,24.74269676208496,48.131324768066406,9.930000305175781,65.77999877929688
2025-10-02,151.67601013183594,92.52152252197266,109.59454345703125,71.09313201904297,33.39696502685547,24.225980758666992,48.17113494873047,9.829999923706055,68.28299713134766
2025-10-03,151.85403442382812,93.29435729980469,111.53453063964844,72.5195541381836,33.69286346435547,24.156423568725586,48.270660400390625,9.930000305175781,68.71499633789062
2025-10-06,152.31883239746094,94.03746032714844,112.460205078125,73.5695571899414,34.353702545166016,24.20611000061035,48.847923278808594,9.869999885559082,68.71499633789062
2025-10-07,153.19900512695312,94.35452270507812,112.51929473876953,74.20352935791016,34.49178695678711,24.126615524291992,48.350284576416016,9.789999961853027,68.71499633789062
2025-10-08,152.04193115234375,92.88812255859375,112.28295135498047,73.42097473144531,34.04793930053711,23.768888473510742,47.62373352050781,9.670000076293945,68.71499633789062
2025-10-09,149.96511840820312,91.10466766357422,111.18986511230469,72.83654022216797,33.82108688354492,23.252172470092773,47.66354751586914,9.25,67.95999908447266
2025-10-10,147.25538635253906,86.83428955078125,109.04307556152344,70.7464370727539,33.03202819824219,21.831207275390625,44.827022552490234,9.260000228881836,66.19000244140625
2025-10-13,150.26181030273438,87.96381378173828,110.53006744384766,71.41011810302734,33.23915481567383,22.357858657836914,45.274898529052734,9.430000305175781,66.19000244140625
2025-10-14,150.7068328857422,87.35942077636719,110.57930755615234,70.97427368164062,32.657222747802734,22.29823875427246,44.618019104003906,9.670000076293945,66.19000244140625
2025-10-15,150.429931640625,86.9333724975586,109.90966796875,71.20209503173828,32.88407516479492,22.248554229736328,44.25971984863281,9.770000457763672,67.83000183105469
2025-10-16,150.0343475341797,86.11100769042969,108.9544448852539,70.69691467285156,32.33173370361328,21.682153701782227,44.42891311645508,9.880000114440918,67.83000183105469
2025-10-17,151.38922119140625,85.6849594116211,110.53006744384766,71.90540313720703,32.67694854736328,22.12931251525879,44.96636199951172,10.149999618530273,70.0
2025-10-20,152.77374267578125,86.2596206665039,110.9830551147461,72.13323211669922,32.76572036743164,22.477102279663086,46.0611572265625,10.210000038146973,70.0
2025-10-21,152.09136962890625,85.61560821533203,110.99291229248047,71.98464965820312,32.706539154052734,25.080549240112305,46.52893829345703,9.880000114440918,70.0
2025-10-22,153.85171508789062,86.60641479492188,112.96244049072266,73.8370132446289,33.85067367553711,26.143789291381836,47.07633590698242,9.949999809265137,70.0
2025-10-23,154.83078002929688,89.25186157226562,114.21309661865234,75.0058822631836,34.52137756347656,27.04804039001465,48.658817291259766,10.199999809265137,70.0
2025-10-24,153.84182739257812,87.22071075439453,113.632080078125,75.12474822998047,34.06766891479492,26.382272720336914,47.07633590698242,10.130000114440918,70.0
2025-10-27,153.56491088867188,87.87464141845703,114.1737060546875,74.79786682128906,34.29452133178711,26.630693435668945,46.37964630126953,10.399999618530273,72.58000183105469
2025-10-28,152.42762756347656,85.99211120605469,113.2775650024414,74.36201477050781,33.9887580871582,26.451831817626953,47.633689880371094,10.619999885559082,72.58000183105469
2025-10-29,153.3869171142578,87.27024841308594,114.67593383789062,74.83749389648438,34.71864318847656,27.306398391723633,48.091514587402344,10.710000038146973,72.0
2025-10-30,151.82435607910156,87.32969665527344,112.9427490234375,74.02522277832031,34.29452133178711,26.789682388305664,48.350284576416016,10.300000190734863,72.0
2025-10-31,155.97796630859375,88.04307556152344,112.6177749633789,74.21342468261719,34.649600982666016,26.670442581176758,48.181087493896484,10.300000190734863,72.0
2025-11-03,152.33860778808594,87.75574493408203,112.02691650390625,73.68842315673828,34.39315414428711,27.00829315185547,48.40999984741211,10.380000114440918,69.94000244140625
2025-11-04,151.69578552246094,87.10181427001953,112.40113067626953,73.0445556640625,34.639732360839844,26.6406307220459,45.970001220703125,10.130000114440918,67.0999984741211
2025-11-05,150.97386169433594,86.89373779296875,111.94813537597656,73.90635681152344,35.19207763671875,26.92879867553711,47.040000915527344,10.380000114440918,67.0999984741211
2025-11-06,151.25076293945312,84.87249755859375,112.7556381225586,73.52003479003906,35.330162048339844,27.157346725463867,47.290000915527344,9.899999618530273,67.0999984741211
2025-11-07,153.30780029296875,86.03174591064453,115.4342041015625,74.87710571289062,36.07977294921875,27.395830154418945,47.869998931884766,9.970000267028809,67.0999984741211
2025-11-10,153.9308319091797,87.41887664794922,116.4189682006836,75.83795928955078,36.61238479614258,27.534944534301758,48.79999923706055,9.869999885559082,67.0999984741211
2025-11-11,154.51431274414062,89.85625457763672,117.9552001953125,76.28372192382812,36.839237213134766,27.882734298706055,48.95000076293945,9.84000015258789,67.80000305175781
2025-11-12,151.62657165527344,88.25114440917969,116.32048797607422,75.68937683105469,36.35594177246094,26.759872436523438,47.529998779296875,9.720000267028809,67.80000305175781
2025-11-13,153.86160278320312,88.59793090820312,116.98028564453125,75.20399475097656,35.99100112915039,26.84930419921875,47.5099983215332,9.579999923706055,67.7300033569336
2025-11-14,155.8790740966797,90.5300064086914,118.50015258789062,75.76000213623047,36.529998779296875,27.127534866333008,48.72999954223633,9.800000190734863,67.53500366210938
2025-11-17,153.11000061035156,88.72000122070312,116.90081024169922,75.4000015258789,36.5,26.451831817626953,47.880001068115234,9.65999984741211,65.0
2025-11-18,153.6199951171875,89.68000030517578,118.24187469482422,75.30999755859375,36.689998626708984,26.620758056640625,48.060001373291016,9.609999656677246,65.0
2025-11-19,151.6999969482422,87.9800033569336,116.572998046875,73.66999816894531,35.95000076293945,26.2928409576416,48.47999954223633,9.640000343322754,65.0
2025-11-20,150.30999755859375,87.47000122070312,116.24517822265625,73.20999908447266,35.720001220703125,25.458148956298828,48.06999969482422,9.329999923706055,65.0
2025-11-21,149.97999572753906,87.37000274658203,116.3047866821289,73.2699966430664,35.97999954223633,25.656885147094727,48.880001068115234,9.680000305175781,65.0
2025-11-24,149.75,87.55999755859375,115.20213317871094,73.2300033569336,35.90999984741211,25.50783348083496,49.36000061035156,9.630000114440918,65.0
2025-11-25,148.52999877929688,86.62000274658203,113.75180053710938,72.80000305175781,35.689998626708984,25.527708053588867,49.43000030517578,9.520000457763672,65.0
2025-11-26,149.50999450683594,87.08999633789062,114.01007843017578,73.41000366210938,35.93000030517578,25.6270751953125,49.529998779296875,9.670000076293945,65.0
2025-11-28,151.1300048828125,88.69000244140625,115.1524658203125,73.7699966430664,36.099998474121094,26.054357528686523,50.20000076293945,9.960000038146973,67.08899688720703
2025-12-01,152.5399932861328,90.26000213623047,115.8577651977539,74.30999755859375,36.5099983215332,26.461767196655273,50.15999984741211,10.210000038146973,67.08899688720703
2025-12-02,150.25,89.29000091552734,114.61603546142578,73.95999908447266,36.36000061035156,26.739999771118164,49.47999954223633,10.319999694824219,67.08899688720703
2025-12-03,151.58999633789062,91.80999755859375,117.02001953125,75.12000274658203,37.2400016784668,27.399999618530273,50.4900016784668,10.119999885559082,65.63999938964844
2025-12-04,152.25999450683594,93.12000274658203,116.36438751220703,74.5,37.22999954223633,27.829999923706055,50.61000061035156,10.260000228881836,65.63999938964844
2025-12-05,150.0,93.69000244140625,115.76836395263672,73.01000213623047,35.83000183105469,28.450000762939453,49.20000076293945,10.289999961853027,65.63999938964844
2025-12-08,148.7100067138672,92.87999725341797,115.21207427978516,72.69999694824219,35.779998779296875,28.079999923706055,47.38999938964844,10.359999656677246,65.63999938964844
2025-12-09,148.49000549316406,93.43000030517578,117.467041015625,72.55000305175781,35.54999923706055,28.579999923706055,47.689998626708984,10.539999961853027,69.98999786376953
2025-12-10,151.41000366210938,96.80000305175781,118.74849700927734,72.87999725341797,35.880001068115234,29.040000915527344,48.040000915527344,10.989999771118164,69.98999786376953
2025-12-11,150.72000122070312,96.70999908447266,118.74849700927734,72.86000061035156,35.529998779296875,29.1200008392334,47.459999084472656,11.630000114440918,72.26000213623047
2025-12-12,149.99000549316406,95.54000091552734,118.03326416015625,72.33000183105469,35.2599983215332,28.6200008392334,46.86000061035156,11.460000038146973,72.26000213623047
2025-12-15,149.8000030517578,94.36000061035156,116.98028564453125,72.2300033569336,35.25,28.40999984741211,46.88999938964844,11.460000038146973,72.5
2025-12-16,146.75,90.7699966430664,113.9206771850586,70.45999908447266,33.7599983215332,27.190000534057617,45.02000045776367,11.399999618530273,72.5
2025-12-17,149.52000427246094,94.95999908447266,116.63260650634766,71.55000305175781,34.470001220703125,27.739999771118164,45.290000915527344,11.270000457763672,72.5
2025-12-18,147.69000244140625,92.2300033569336,115.76836395263672,71.30999755859375,33.310001373291016,27.459999084472656,44.470001220703125,11.289999961853027,72.5
2025-12-19,147.75,91.94000244140625,115.91736602783203,72.0199966430664,33.939998626708984,27.719999313354492,44.709999084472656,11.239999771118164,67.94000244140625
2025-12-22,149.8000030517578,93.30999755859375,117.3676986694336,72.58000183105469,34.13999938964844,28.190000534057617,45.560001373291016,11.34000015258789,68.0
2025-12-23,150.50999450683594,92.7300033569336,118.62928771972656,73.06999969482422,34.58000183105469,28.170000076293945,45.189998626708984,11.460000038146973,68.0
2025-12-24,150.5,91.80000305175781,118.43061828613281,72.83999633789062,34.310001373291016,28.030000686645508,45.29999923706055,11.449999809265137,68.0
2025-12-26,150.02000427246094,91.54000091552734,118.32134246826172,72.80999755859375,34.27000045776367,27.959999084472656,45.25,11.40999984741211,67.62999725341797
2025-12-29,150.99000549316406,92.62999725341797,119.73194122314453,73.12000274658203,34.45000076293945,28.149999618530273,45.380001068115234,11.449999809265137,67.62999725341797
2025-12-30,152.30999755859375,94.0999984741211,120.18889617919922,73.83000183105469,34.75,28.489999771118164,46.09000015258789,11.460000038146973,68.05999755859375
